#pragma once
#include <Arduino.h>

// どんぐりさん アニメーション画像 (56x80, RGB565)
#define DONGURI_IMG_W 56
#define DONGURI_IMG_H 80

const uint16_t donguri_idle[DONGURI_IMG_W * DONGURI_IMG_H] PROGMEM = {
    0xFFFF, 0xFFFF, 0xFFFF, 0xFFFF, 0xFFFF, 0xFFFF, 0xFFFF, 0xFFFF, 0xFFFF, 0xFFFF, 0xFFFF, 0xFFFF, 0xFFFF, 0xFFFF, 0xFFFF, 0xFFFF,
    0xFFFF, 0xFFFF, 0xFFFF, 0xFFFF, 0xFFFF, 0xFFFF, 0xFFFF, 0xFFFF, 0xFFFF, 0xFFFF, 0xFFFF, 0xFFFF, 0xFFFF, 0xFFFF, 0xFFFF, 0xFFFF,
    0xFFFF, 0xFFFF, 0xFFFF, 0xFFFF, 0xFFFF, 0xFFFF, 0xFFFF, 0xFFFF, 0xFFFF, 0xFFFF, 0xFFFF, 0xFFFF, 0xFFFF, 0xFFFF, 0xFFFF, 0xFFFF,
    0xFFFF, 0xFFFF, 0xFFFF, 0xFFFF, 0xFFFF, 0xFFFF, 0xFFFF, 0xFFFF, 0xFFFF, 0xFFFF, 0xFFFF, 0xFFFF, 0xFFFF, 0xFFFF, 0xFFFF, 0xFFFF,
    0xFFFF, 0xFFFF, 0xFFFF, 0xFFFF, 0xFFFF, 0xFFFF, 0xFFFF, 0xFFFF, 0xFFFF, 0xFFFF, 0xFFFF, 0xFFFF, 0xFFFF, 0xFFFF, 0xFFFF, 0xFFFF,
    0xFFFF, 0xFFFF, 0xFFFF, 0xFFFF, 0xFFFF, 0xFFFF, 0xFFFF, 0xFFFF, 0xFFFF, 0xFFFF, 0xFFFF, 0xFFFF, 0xFFFF, 0xFFFF, 0xFFFF, 0xFFFF,
    0xFFFF, 0xFFFF, 0xFFFF, 0xFFFF, 0xFFFF, 0xFFFF, 0xFFFF, 0xFFFF, 0xFFFF, 0xFFFF, 0xFFFF, 0xFFFF, 0xFFFF, 0xFFFF, 0xFFFF, 0xFFFF,
    0xFFFF, 0xFFFF, 0xFFFF, 0xFFFF, 0xFFFF, 0xFFFF, 0xFFFF, 0xFFFF, 0xFFFF, 0xFFFF, 0xFFFF, 0xFFFF, 0xFFFF, 0xFFFF, 0xFFFF, 0xFFFF,
    0xFFFF, 0xFFFF, 0xFFFF, 0xFFFF, 0xFFFF, 0xFFFF, 0xFFFF, 0xFFFF, 0xFFFF, 0xFFFF, 0xFFFF, 0xFFFF, 0xFFFF, 0xFFFF, 0xFFFF, 0xFFFF,
    0xFFFF, 0xFFFF, 0xFFFF, 0xFFFF, 0xFFFF, 0xFFFF, 0xFFFF, 0xFFFF, 0xFFFF, 0xFFFF, 0xFFFF, 0xFFFF, 0xFFFF, 0xFFFF, 0xFFFF, 0xFFFF,
    0xFFFF, 0xFFFF, 0xFFFF, 0xFFFF, 0xFFFF, 0xFFFF, 0xFFFF, 0xFFFF, 0xFFFF, 0xFFFF, 0xFFFF, 0xFFFF, 0xFFFF, 0xFFFF, 0xFFFF, 0xFFFF,
    0xFFFF, 0xFFFF, 0xFFFF, 0xFFFF, 0xFFFF, 0xFFFF, 0xFFFF, 0xFFFF, 0xFFFF, 0xFFFF, 0xFFFF, 0xFFFF, 0xFFFF, 0xFFFF, 0xFFFF, 0xFFFF,
    0xFFFF, 0xFFFF, 0xFFFF, 0xFFFF, 0xFFFF, 0xFFFF, 0xFFFF, 0xFFFF, 0xFFFF, 0xFFFF, 0xFFFF, 0xFFFF, 0xFFFF, 0xFFFF, 0xFFFF, 0xFFFF,
    0xFFFF, 0xFFFF, 0xFFFF, 0xFFFF, 0xFFFF, 0xFFFF, 0xFFFF, 0xFFFF, 0xFFFF, 0xFFFF, 0xFFFF, 0xFFFF, 0xFFFF, 0xFFFF, 0xFFFF, 0xFFFF,
    0xFFFF, 0xFFFF, 0xFFFF, 0xFFFF, 0xFFFF, 0xFFFF, 0xFFFF, 0xFFFF, 0xFFFF, 0xFFFF, 0xFFFF, 0xFFFF, 0xFFFF, 0xFFFF, 0xFFFF, 0xFFFF,
    0xFFFF, 0xFFFF, 0xFFFF, 0xFFFF, 0xFFFF, 0xFFFF, 0xFFFF, 0xFFFF, 0xFFFF, 0xFFFF, 0xFFFF, 0xFFFF, 0xFFFF, 0xFFFF, 0xFFFF, 0xFFFF,
    0xFFFF, 0xFFFF, 0xFFFF, 0xFFFF, 0xFFFF, 0xFFFF, 0xFFFF, 0xFFFF, 0xFFFF, 0xFFFF, 0xFFFF, 0xFFFF, 0xFFFF, 0xFFFF, 0xFFFF, 0xFFFF,
    0xFFFF, 0xFFFF, 0xFFFF, 0xFFFF, 0xFFFF, 0xFFFF, 0xFFFF, 0xFFFF, 0xFFFF, 0xFFFF, 0xFFFF, 0xFFFF, 0xFFFF, 0xFFFF, 0xFFFF, 0xFFFF,
    0xFFFF, 0xFFFF, 0xFFFF, 0xFFFF, 0xFFFF, 0xFFFF, 0xFFFF, 0xFFFF, 0xFFFF, 0xFFFF, 0xFFFF, 0xFFFF, 0xFFFF, 0xFFDF, 0xF79E, 0xEF7E,
    0xE75D, 0xE75D, 0xE75D, 0xE73D, 0xE73D, 0xE73D, 0xE73D, 0xDF1D, 0xDF1D, 0xDF1D, 0xC67B, 0xF7DF, 0xFFFF, 0xFFFF, 0xFFFF, 0xFFFF,
    0xFFFF, 0xFFFF, 0xFFFF, 0xFFFF, 0xFFFF, 0xFFFF, 0xFFFF, 0xFFFF, 0xFFFF, 0xFFFF, 0xFFFF, 0xFFFF, 0xFFFF, 0xFFFF, 0xFFFF, 0xFFFF,
    0xFFFF, 0xFFFF, 0xFFFF, 0xFFFF, 0xFFFF, 0xFFFF, 0xFFFF, 0xFFFF, 0xFFFF, 0xFFFF, 0xFFFF, 0xFFFF, 0xFFFF, 0xFFFF, 0xFFFF, 0xFFFF,
    0xFFFF, 0xFFFF, 0xFFFF, 0xFFFF, 0xFFFF, 0xFFDF, 0xEF7E, 0xEF5D, 0xE73D, 0xE73D, 0xE73D, 0xE73D, 0xDF1D, 0xDF1D, 0xDF1D, 0xDEFD,
    0xD6FD, 0xD6FD, 0xBE3A, 0xF7BE, 0xFFFF, 0xFFFF, 0xFFFF, 0xFFFF, 0xFFFF, 0xFFFF, 0xFFFF, 0xFFFF, 0xFFFF, 0xFFFF, 0xFFFF, 0xFFFF,
    0xFFFF, 0xFFFF, 0xFFFF, 0xFFFF, 0xFFFF, 0xFFFF, 0xFFFF, 0xFFFF, 0xFFFF, 0xFFFF, 0xFFFF, 0xFFFF, 0xFFFF, 0xFFFF, 0xFFFF, 0xFFFF,
    0xFFFF, 0xFFFF, 0xFFFF, 0xFFFF, 0xFFFF, 0xFFFF, 0xFFFF, 0xFFFF, 0xFFFF, 0xFFFF, 0xFFFF, 0xFFFF, 0xFFFF, 0xFFDF, 0xEF9E, 0xE75D,
    0xE73D, 0xE73D, 0xDF3D, 0xDF3D, 0xDF1D, 0xDF1D, 0xDEFD, 0xD6FC, 0xD6FC, 0xDF1D, 0xBE5A, 0xF7BF, 0xFFFF, 0xFFFF, 0xFFFF, 0xFFFF,
    0xFFFF, 0xFFFF, 0xFFFF, 0xFFFF, 0xFFFF, 0xFFFF, 0xFFFF, 0xFFFF, 0xFFFF, 0xFFFF, 0xFFFF, 0xFFFF, 0xFFFF, 0xFFFF, 0xFFFF, 0xFFFF,
    0xFFFF, 0xFFFF, 0xFFFF, 0xFFFF, 0xFFFF, 0xFFFF, 0xFFFF, 0xFFFF, 0xFFFF, 0xFFFF, 0xFFFF, 0xFFFF, 0xFFFF, 0xFFFF, 0xFFFF, 0xFFFF,
    0xFFFF, 0xFFFF, 0xFFFF, 0xFFFF, 0xFFFF, 0xFFDF, 0xEF9E, 0xE75D, 0xE75D, 0xE75D, 0xE73D, 0xDF1D, 0xDF1D, 0xDF1D, 0xDF1D, 0xDF1D,
    0xDF1D, 0xD6FD, 0xBE5A, 0xF7BF, 0xFFFF, 0xFFFF, 0xFFFF, 0xFFFF, 0xFFFF, 0xFFFF, 0xFFFF, 0xFFFF, 0xFFFF, 0xFFFF, 0xFFFF, 0xFFFF,
    0xFFFF, 0xFFFF, 0xFFFF, 0xFFFF, 0xFFFF, 0xFFFF, 0xFFFF, 0xFFFF, 0xFFFF, 0xFFFF, 0xFFFF, 0xFFFF, 0xFFFF, 0xFFFF, 0xFFFF, 0xFFFF,
    0xFFFF, 0xFFFF, 0xFFFF, 0xFFFF, 0xFFFF, 0xFFFF, 0xFFFF, 0xFFFF, 0xFFFF, 0xFFFF, 0xFFFF, 0xFFFF, 0xFFFF, 0xFFDF, 0xEF7E, 0xE75D,
    0xD6BB, 0xCE9A, 0xD6DB, 0xDF3D, 0xDF1D, 0xDF1D, 0xCE9B, 0xC65A, 0xCE9B, 0xDF1D, 0xBE7A, 0xF7BF, 0xFFFF, 0xFFFF, 0xFFFF, 0xFFFF,
    0xFFFF, 0xFFFF, 0xFFFF, 0xFFFF, 0xFFFF, 0xFFFF, 0xFFFF, 0xFFFF, 0xFFFF, 0xFFFF, 0xFFFF, 0xFFFF, 0xFFFF, 0xFFFF, 0xFFFF, 0xFFFF,
    0xFFFF, 0xFFFF, 0xFFFF, 0xFFFF, 0xFFFF, 0xFFFF, 0xFFFF, 0xFFFF, 0xFFFF, 0xFFFF, 0xFFFF, 0xFFFF, 0xFFFF, 0xFFFF, 0xFFFF, 0xFFFF,
    0xFFFF, 0xFFFF, 0xFFFF, 0xFFFF, 0xFFFF, 0xFFDF, 0xEF7E, 0xE75D, 0x636F, 0x424A, 0x7C31, 0xE75E, 0xD6FC, 0xDF3D, 0x6BAF, 0x3A2A,
    0x73D0, 0xDF3D, 0xBE5A, 0xF7BF, 0xFFFF, 0xFFFF, 0xFFFF, 0xFFFF, 0xFFFF, 0xFFFF, 0xFFFF, 0xFFFF, 0xFFFF, 0xFFFF, 0xFFFF, 0xFFFF,
    0xFFFF, 0xFFFF, 0xFFFF, 0xFFFF, 0xFFFF, 0xFFFF, 0xFFFF, 0xFFFF, 0xFFFF, 0xFFFF, 0xFFFF, 0xFFFF, 0xFFFF, 0xFFFF, 0xFFFF, 0xFFFF,
    0xFFFF, 0xFFFF, 0xFFFF, 0xFFFF, 0xFFFF, 0xFFFF, 0xFFFF, 0xFFFF, 0xFFFF, 0xFFFF, 0xFFFF, 0xFFFF, 0xFFFF, 0xFFDF, 0xEF7E, 0xE73D,
    0x6BB0, 0x52CC, 0x8473, 0xDF3D, 0xD6FC, 0xE73D, 0x7C11, 0x52ED, 0x8472, 0xDF3D, 0xBE5A, 0xF7BF, 0xFFFF, 0xFFFF, 0xFFFF, 0xFFFF,
    0xFFFF, 0xFFFF, 0xFFFF, 0xFFFF, 0xFFFF, 0xFFFF, 0xFFFF, 0xFFFF, 0xFFFF, 0xFFFF, 0xFFFF, 0xFFFF, 0xFFFF, 0xFFFF, 0xFFFF, 0xFFFF,
    0xFFFF, 0xFFFF, 0xFFFF, 0xFFFF, 0xFFFF, 0xFFFF, 0xFFFF, 0xFFFF, 0xFFFF, 0xFFFF, 0xFFFF, 0xFFFF, 0xFFFF, 0xFFFF, 0xFFFF, 0xFFFF,
    0xFFFF, 0xFFFF, 0xFFFF, 0xFFFF, 0xFFFF, 0xFFDF, 0xEF7E, 0xDF1D, 0xCEBB, 0xCE9B, 0xD6DC, 0xDF1D, 0xDF1D, 0xDF1D, 0xD6FC, 0xD6DB,
    0xD6FC, 0xDF1D, 0xC65A, 0xF7BE, 0xFFFF, 0xFFFF, 0xFFFF, 0xFFFF, 0xFFFF, 0xFFFF, 0xFFFF, 0xFFFF, 0xFFFF, 0xFFFF, 0xFFFF, 0xFFFF,
    0xFFFF, 0xFFFF, 0xFFFF, 0xFFFF, 0xFFFF, 0xFFFF, 0xFFFF, 0xFFFF, 0xFFFF, 0xFFFF, 0xFFFF, 0xFFFF, 0xFFFF, 0xFFFF, 0xFFFF, 0xFFFF,
    0xFFFF, 0xFFFF, 0xFFFF, 0xFFFF, 0xFFFF, 0xFFFF, 0xFFFF, 0xFFFF, 0xFFFF, 0xFFFF, 0xFFFF, 0xFFFF, 0xFFFF, 0xFFDF, 0xEF7E, 0xDF3D,
    0xD71D, 0xDF1D, 0xDF1D, 0xD6FC, 0xDF1C, 0xDF1D, 0xDF1D, 0xDF3D, 0xDF1D, 0xDF1D, 0xC67A, 0xF7BE, 0xFFFF, 0xFFFF, 0xFFFF, 0xFFFF,
    0xFFFF, 0xFFFF, 0xFFFF, 0xFFFF, 0xFFFF, 0xFFFF, 0xFFFF, 0xFFFF, 0xFFFF, 0xFFFF, 0xFFFF, 0xFFFF, 0xFFFF, 0xFFFF, 0xFFFF, 0xFFFF,
    0xFFFF, 0xFFFF, 0xFFFF, 0xFFFF, 0xFFFF, 0xFFFF, 0xFFFF, 0xFFFF, 0xFFFF, 0xFFFF, 0xFFFF, 0xFFFF, 0xFFFF, 0xFFFF, 0xFFFF, 0xFFFF,
    0xFFFF, 0xFFFF, 0xFFFF, 0xFFFF, 0xFFFF, 0xFFDF, 0xE75D, 0xD6FC, 0xCEBB, 0xCEBB, 0xCEBB, 0xCEBB, 0xCEBB, 0xCEBB, 0xCEBB, 0xCEBC,
    0xD6DC, 0xD6FC, 0xBE5A, 0xF7BE, 0xFFFF, 0xFFFF, 0xFFFF, 0xFFFF, 0xFFFF, 0xFFFF, 0xFFFF, 0xFFFF, 0xFFFF, 0xFFFF, 0xFFFF, 0xFFFF,
    0xFFFF, 0xFFFF, 0xFFFF, 0xFFFF, 0xFFFF, 0xFFFF, 0xFFFF, 0xFFFF, 0xFFFF, 0xFFFF, 0xFFFF, 0xFFFF, 0xFFFF, 0xFFFF, 0xFFFF, 0xFFFF,
    0xFFFF, 0xFFFF, 0xFFFF, 0xFFFF, 0xFFFF, 0xFFFF, 0xFFFF, 0xFFFF, 0xFFFF, 0xFFFF, 0xFFFF, 0xFFFF, 0xFFFF, 0xFFDF, 0xDF1C, 0xCEDC,
    0xCEBB, 0xCEDC, 0xD6DC, 0xD6DC, 0xD6DC, 0xD6DC, 0xD6DC, 0xD6DC, 0xD6DC, 0xD6DC, 0xBE5A, 0xF7BE, 0xFFFF, 0xFFFF, 0xFFFF, 0xFFFF,
    0xFFFF, 0xFFFF, 0xFFFF, 0xFFFF, 0xFFFF, 0xFFFF, 0xFFFF, 0xFFFF, 0xFFFF, 0xFFFF, 0xFFFF, 0xFFFF, 0xFFFF, 0xFFFF, 0xFFFF, 0xFFFF,
    0xFFFF, 0xFFFF, 0xFFFF, 0xFFFF, 0xFFFF, 0xFFFF, 0xFFFF, 0xFFFF, 0xFFFF, 0xFFFF, 0xFFFF, 0xFFFF, 0xFFFF, 0xFFFF, 0xFFFF, 0xFFFF,
    0xFFFF, 0xFFFF, 0xFFDF, 0xF7BF, 0xF79E, 0xEF9E, 0xEF7E, 0xEF9E, 0xEF9E, 0xEF9E, 0xEF9E, 0xEF9E, 0xEF9E, 0xEF7E, 0xEF7E, 0xEF7E,
    0xEF7E, 0xE77E, 0xE75E, 0xE75D, 0xE75D, 0xEF7E, 0xF7BF, 0xFFFF, 0xFFFF, 0xFFFF, 0xFFFF, 0xFFFF, 0xFFFF, 0xFFFF, 0xFFFF, 0xFFFF,
    0xFFFF, 0xFFFF, 0xFFFF, 0xFFFF, 0xFFFF, 0xFFFF, 0xFFFF, 0xFFFF, 0xFFFF, 0xFFFF, 0xFFFF, 0xFFFF, 0xFFFF, 0xFFFF, 0xFFFF, 0xFFFF,
    0xFFFF, 0xFFFF, 0xFFFF, 0xFFFF, 0xFFFF, 0xFFFF, 0xFFFF, 0xFFDF, 0xF7BE, 0xEF9E, 0xEF9E, 0xF79E, 0xF7BF, 0xF7BF, 0xF7DF, 0xF7BF,
    0xF7BF, 0xF7BF, 0xF7BF, 0xF79E, 0xEF9E, 0xEF9E, 0xEF7E, 0xEF7E, 0xEF7E, 0xEF7E, 0xE77E, 0xE75E, 0xE75D, 0xDF3D, 0xDF1D, 0xDF1D,
    0xE75D, 0xF7BE, 0xFFFF, 0xFFFF, 0xFFFF, 0xFFFF, 0xFFFF, 0xFFFF, 0xFFFF, 0xFFFF, 0xFFFF, 0xFFFF, 0xFFFF, 0xFFFF, 0xFFFF, 0xFFFF,
    0xFFFF, 0xFFFF, 0xFFFF, 0xFFFF, 0xFFFF, 0xFFFF, 0xFFFF, 0xFFFF, 0xFFFF, 0xFFFF, 0xFFFF, 0xFFFF, 0xFFFF, 0xFFDF, 0xF79E, 0xEF9E,
    0xF7BF, 0xF7BF, 0xFFDF, 0xFFDF, 0xFFFF, 0xFFDF, 0xFFDF, 0xFFDF, 0xF7DF, 0xF7DF, 0xF7BF, 0xF7BF, 0xF7BF, 0xEF9E, 0xEF9E, 0xEF7E,
    0xEF7E, 0xEF7E, 0xEF7E, 0xE77E, 0xE75D, 0xE75D, 0xE73D, 0xDF1D, 0xD6FC, 0xD6DC, 0xDEFC, 0xEF9E, 0xFFFF, 0xFFFF, 0xFFFF, 0xFFFF,
    0xFFFF, 0xFFFF, 0xFFFF, 0xFFFF, 0xFFFF, 0xFFFF, 0xFFFF, 0xFFFF, 0xFFFF, 0xFFFF, 0xFFFF, 0xFFFF, 0xFFFF, 0xFFFF, 0xFFFF, 0xFFFF,
    0xFFFF, 0xFFFF, 0xFFFF, 0xFFFF, 0xF7BE, 0xEF9E, 0xF7BF, 0xFFDF, 0xFFFF, 0xFFFF, 0xFFFF, 0xFFFF, 0xFFFF, 0xFFFF, 0xFFFF, 0xFFDF,
    0xFFDF, 0xF7DF, 0xF7BF, 0xF7BF, 0xF7BF, 0xF79E, 0xEF9E, 0xEF9E, 0xEF7E, 0xEF7E, 0xEF7E, 0xEF7E, 0xE75D, 0xE75D, 0xE73D, 0xDF1D,
    0xDF1D, 0xD6FC, 0xCEDC, 0xCEBB, 0xD71C, 0xFFDF, 0xFFFF, 0xFFFF, 0xFFFF, 0xFFFF, 0xFFFF, 0xFFFF, 0xFFFF, 0xFFFF, 0xFFFF, 0xFFFF,
    0xFFFF, 0xFFFF, 0xFFFF, 0xFFFF, 0xFFFF, 0xFFFF, 0xFFFF, 0xFFFF, 0xFFFF, 0xFFFF, 0xFFFF, 0xEF9E, 0xEF9E, 0xF7DF, 0xFFDF, 0xFFFF,
    0xFFFF, 0xFFFF, 0xFFFF, 0xFFFF, 0xFFFF, 0xFFFF, 0xFFFF, 0xFFFF, 0xFFDF, 0xF7DF, 0xF7DF, 0xF7BF, 0xF7BF, 0xF7BF, 0xF7BF, 0xEF9E,
    0xEF9E, 0xEF9E, 0xEF7E, 0xEF7E, 0xEF7E, 0xE75D, 0xE73D, 0xDF1D, 0xD71C, 0xD6FC, 0xD6DC, 0xCEBC, 0xC69B, 0xCEBB, 0xF79E, 0xFFFF,
    0xFFFF, 0xFFFF, 0xFFFF, 0xFFFF, 0xFFFF, 0xFFFF, 0xFFFF, 0xFFFF, 0xFFFF, 0xFFFF, 0xFFFF, 0xFFFF, 0xFFFF, 0xFFFF, 0xFFFF, 0xFFFF,
    0xFFFF, 0xFFDF, 0xEF7E, 0xEF9E, 0xF7DF, 0xFFDF, 0xFFFF, 0xFFFF, 0xFFFF, 0xFFFF, 0xFFFF, 0xFFFF, 0xFFFF, 0xFFFF, 0xFFFF, 0xFFFF,
    0xFFDF, 0xFFDF, 0xF7DF, 0xF7BF, 0xF7BF, 0xF7BF, 0xF7BF, 0xEF9E, 0xEF9E, 0xEF9E, 0xEF7E, 0xEF7E, 0xEF7E, 0xE75D, 0xE75D, 0xDF1D,
    0xDEFC, 0xD6FC, 0xCEDC, 0xCEBB, 0xCEBB, 0xC69B, 0xC67A, 0xEF9E, 0xFFFF, 0xFFFF, 0xFFFF, 0xFFFF, 0xFFFF, 0xFFFF, 0xFFFF, 0xFFFF,
    0xFFFF, 0xFFFF, 0xFFFF, 0xFFFF, 0xFFFF, 0xFFFF, 0xFFFF, 0xFFFF, 0xFFFF, 0xEF7E, 0xEF9E, 0xF7DF, 0xFFDF, 0xFFFF, 0xFFFF, 0xFFFF,
    0xFFFF, 0xFFFF, 0xFFFF, 0xFFFF, 0xFFFF, 0xFFFF, 0xFFFF, 0xFFDF, 0xFFDF, 0xFFDF, 0xF7BF, 0xF7BF, 0xF7BF, 0xF7BF, 0xEF9E, 0xEF9E,
    0xEF9E, 0xEF7E, 0xEF7E, 0xEF7E, 0xE77E, 0xE75D, 0xE73D, 0xDF1D, 0xD71C, 0xD6FC, 0xCEDC, 0xCEBB, 0xC69B, 0xC69B, 0xC67B, 0xBE7A,
    0xF7BE, 0xFFFF, 0xFFFF, 0xFFFF, 0xFFFF, 0xFFFF, 0xFFFF, 0xFFFF, 0xFFFF, 0xFFFF, 0xFFFF, 0xFFFF, 0xFFFF, 0xFFFF, 0xFFFF, 0xFFFF,
    0xEF7E, 0xEF7E, 0xF7BF, 0xFFDF, 0xFFFF, 0xFFFF, 0xFFFF, 0xFFFF, 0xFFFF, 0xFFFF, 0xFFFF, 0xFFFF, 0xFFFF, 0xFFFF, 0xFFDF, 0xFFDF,
    0xFFDF, 0xF7BF, 0xF7BF, 0xF7BF, 0xF7BE, 0xEF9E, 0xEF9E, 0xEF9E, 0xEF7E, 0xEF7E, 0xEF7E, 0xE77E, 0xE75D, 0xE75D, 0xE73D, 0xDF1D,
    0xD71C, 0xD6FC, 0xCEDC, 0xCEBB, 0xC69B, 0xC67B, 0xC67B, 0xBE5A, 0xC67B, 0xFFDF, 0xFFFF, 0xFFFF, 0xFFFF, 0xFFFF, 0xFFFF, 0xFFFF,
    0xFFFF, 0xFFFF, 0xFFFF, 0xFFFF, 0xFFFF, 0xFFFF, 0xFFFF, 0xF7BE, 0xEF7E, 0xF79F, 0xF7BF, 0xFFDF, 0xFFFF, 0xFFFF, 0xFFFF, 0xFFFF,
    0xFFFF, 0xFFFF, 0xFFFF, 0xFFFF, 0xFFFF, 0xFFDF, 0xFFDF, 0xF7DF, 0xF7BF, 0xF7BF, 0xF79E, 0xEF9E, 0xEF9E, 0xEF9E, 0xEF7E, 0xEF7E,
    0xEF7E, 0xEF7E, 0xE75E, 0xE75D, 0xE75D, 0xE73D, 0xDF3D, 0xDF1D, 0xD6FC, 0xD6FC, 0xCEDC, 0xCE9B, 0xCE9B, 0xC67B, 0xC67A, 0xC67A,
    0xB619, 0xD6FC, 0xFFFF, 0xFFFF, 0xFFFF, 0xFFFF, 0xFFFF, 0xFFFF, 0xFFFF, 0xFFFF, 0xFFFF, 0xFFFF, 0xFFFF, 0xFFFF, 0xFFFF, 0xEF7E,
    0xEF9E, 0xF7BE, 0xF7BF, 0xFFDF, 0xFFDF, 0xFFDF, 0xFFFF, 0xFFFF, 0xFFFF, 0xFFFF, 0xFFFF, 0xFFFF, 0xFFFF, 0xFFDF, 0xFFDF, 0xF7BF,
    0xF7BF, 0xF7BF, 0xEF9E, 0xEF9E, 0xEF7E, 0xEF7E, 0xEF7E, 0xEF7E, 0xEF7E, 0xE75D, 0xE75D, 0xE75D, 0xE75D, 0xE73D, 0xDF1D, 0xDF1D,
    0xD6FC, 0xD6FC, 0xCEDC, 0xCEBB, 0xCE9B, 0xC67B, 0xBE5A, 0xBE5A, 0xBE3A, 0xB61A, 0xF7BE, 0xFFFF, 0xFFFF, 0xFFFF, 0xFFFF, 0xFFFF,
    0xFFFF, 0xFFFF, 0xFFFF, 0xFFFF, 0xFFFF, 0xFFFF, 0xF7BE, 0xEF7E, 0xEF9E, 0xF7BF, 0xF7BF, 0xF7DF, 0xFFDF, 0xFFDF, 0xFFDF, 0xFFFF,
    0xFFFF, 0xFFFF, 0xFFFF, 0xFFFF, 0xFFDF, 0xFFDF, 0xF7BF, 0xF7BF, 0xF79F, 0xEF9E, 0xEF9E, 0xEF9E, 0xEF7E, 0xEF7E, 0xEF7E, 0xEF5E,
    0xE75D, 0xE75D, 0xE75D, 0xE75D, 0xE73D, 0xDF3D, 0xDF1D, 0xDF1D, 0xD6FC, 0xD6FC, 0xD6DC, 0xCEBB, 0xC69B, 0xC67B, 0xBE5A, 0xBE3A,
    0xBE3A, 0xB619, 0xD6DC, 0xFFFF, 0xFFFF, 0xFFFF, 0xFFFF, 0xFFFF, 0xFFFF, 0xFFFF, 0xFFFF, 0xFFFF, 0xFFFF, 0xFFFF, 0xEF7E, 0xEF7E,
    0xF79E, 0xF7BF, 0xF7BF, 0xF7DF, 0xFFDF, 0xFFDF, 0xFFDF, 0xFFDF, 0xFFDF, 0xFFDF, 0xFFDF, 0xFFDF, 0xF7DF, 0xF7DF, 0xF7BF, 0xF7BF,
    0xF79E, 0xEF9E, 0xEF9E, 0xEF7E, 0xEF7E, 0xEF7E, 0xE77E, 0xE75D, 0xE75D, 0xE75D, 0xE75D, 0xE73D, 0xDF3D, 0xDF1D, 0xDF1D, 0xBE3A,
    0xCEBB, 0xC67A, 0xC67A, 0xCEDC, 0xC69B, 0xC67A, 0xBE5A, 0xBE3A, 0xBE3A, 0xB63A, 0xBE3A, 0xFFDF, 0xFFFF, 0xFFFF, 0xFFFF, 0xFFFF,
    0xFFFF, 0xFFFF, 0xFFFF, 0xFFFF, 0xFFFF, 0xF7DF, 0xEF5E, 0xEF9E, 0xF79E, 0xF7BF, 0xF7BF, 0xF7DF, 0xFFDF, 0xF7DF, 0xF7DF, 0xFFDF,
    0xFFDF, 0xFFDF, 0xFFDF, 0xF7DF, 0xF7DF, 0xF7BF, 0xF7BF, 0xF7BF, 0xEF9E, 0xEF9E, 0xEF7E, 0xEF7E, 0xEF7E, 0xE77E, 0xE75D, 0xE75D,
    0xE75D, 0xE73D, 0xE73D, 0xDF3D, 0xDF1D, 0xDF3D, 0xCE9B, 0xC65A, 0xD6FC, 0xD6DC, 0xBE39, 0xCE9B, 0xCEBB, 0xC67A, 0xBE5A, 0xBE3A,
    0xBE3A, 0xBE3A, 0xB619, 0xE75D, 0xFFFF, 0xFFFF, 0xFFFF, 0xFFFF, 0xFFFF, 0xFFFF, 0xFFFF, 0xFFFF, 0xFFFF, 0xF79E, 0xE77E, 0xEF9E,
    0xEF9E, 0xF7BF, 0xF7BF, 0xF7DF, 0xF7DF, 0xF7DF, 0xF7DF, 0xF7DF, 0xF7DF, 0xF7DF, 0xF7DF, 0xF7DF, 0xF7BF, 0xF7BF, 0xF79E, 0xEF9E,
    0xEF9E, 0xEF9E, 0xEF7E, 0xEF7E, 0xEF7E, 0xE75D, 0xE75D, 0xE75D, 0xE73D, 0xE73D, 0xDF3D, 0xDF1D, 0xDF1D, 0xDF1D, 0xCE9B, 0xC67A,
    0xDF3D, 0xD6FC, 0xBE3A, 0xCEBB, 0xC67A, 0xBE7A, 0xBE5A, 0xBE3A, 0xBE3A, 0xBE3A, 0xB5F9, 0xD6DC, 0xFFFF, 0xFFFF, 0xFFFF, 0xFFFF,
    0xFFFF, 0xFFFF, 0xFFFF, 0xFFFF, 0xFFFF, 0xEF7E, 0xEF7E, 0xEF9E, 0xEF9E, 0xF7BF, 0xF7BF, 0xF7DF, 0xF7DF, 0xF7DF, 0xF7DF, 0xF7DF,
    0xF7DF, 0xF7DF, 0xF7DF, 0xF7BF, 0xF7BF, 0xF7BF, 0xEF9E, 0xEF9E, 0xEF9E, 0xEF7E, 0xEF7E, 0xEF7E, 0xE75E, 0xE75D, 0xE75D, 0xE73D,
    0xE73D, 0xDF3D, 0xDF1D, 0xDF1D, 0xDF1C, 0xDEFC, 0xD6DC, 0x8538, 0xC6BC, 0xA5FA, 0x9598, 0xBE39, 0x9D57, 0xB61A, 0xBE5A, 0xB63A,
    0xB63A, 0xBE3A, 0xB619, 0xC67A, 0xFFFF, 0xFFFF, 0xFFFF, 0xFFFF, 0xFFFF, 0xFFFF, 0xFFFF, 0xFFFF, 0xFFFF, 0xE77E, 0xEF7E, 0xEF9E,
    0xEF9E, 0xF7BF, 0xF7BF, 0xF7DF, 0xF7DF, 0xF7DF, 0xF7BF, 0xF7BF, 0xF7BF, 0xF7BF, 0xF7BF, 0xF7BF, 0xF7BF, 0xF7BE, 0xEF9E, 0xEF9E,
    0xEF9E, 0xEF7E, 0xEF7E, 0xEF7E, 0xE75D, 0xE75D, 0xE75D, 0xE73D, 0xDF3D, 0xDF1D, 0xDF1D, 0xDF1D, 0xDEFC, 0xD6FC, 0xDF1C, 0xBE7B,
    0x74F7, 0x8538, 0xC6BB, 0xB619, 0x9D57, 0xB63A, 0xBE3A, 0xB639, 0xB639, 0xB61A, 0xB619, 0xB63A, 0xFFDF, 0xFFFF, 0xFFFF, 0xFFFF,
    0xFFFF, 0xFFFF, 0xFFFF, 0xFFFF, 0xFFFF, 0xE75D, 0xE77E, 0xEF9E, 0xEF9E, 0xF7BF, 0xF7BF, 0xF7DF, 0xF7DF, 0xF7DF, 0xF7DF, 0xF7BF,
    0xF7BF, 0xF7BF, 0xF7BF, 0xF7BF, 0xF7BF, 0xF7BE, 0xEF9E, 0xEF9E, 0xEF9E, 0xEF9E, 0xEF7E, 0xEF7E, 0xE75D, 0xE75D, 0xE75D, 0xE73D,
    0xDF3D, 0xDF1D, 0xDF1D, 0xDF1C, 0xD6FC, 0xD6FC, 0xD6FC, 0xDF1D, 0xB61A, 0xBE3A, 0xD6DC, 0xBE5A, 0xADD8, 0xBE5A, 0xBE3A, 0xB63A,
    0xB619, 0xB619, 0xB619, 0xAE19, 0xF7BE, 0xFFFF, 0xFFFF, 0xFFFF, 0xFFFF, 0xFFFF, 0xFFFF, 0xFFFF, 0xFFDF, 0xE75D, 0xEF7E, 0xEF9E,
    0xEF9E, 0xF7BF, 0xF7BF, 0xF7DF, 0xF7DF, 0xF7BF, 0xF7BF, 0xF7BF, 0xF7BF, 0xF7BF, 0xF79F, 0xEF9E, 0xEF9E, 0xEF7E, 0xEF7E, 0xEF7E,
    0xE77E, 0xE75D, 0xE75D, 0xE73D, 0xE73D, 0xDF3D, 0xDF1D, 0xDF1D, 0xDF1C, 0xDF1C, 0xD6FC, 0xD6FC, 0xD6FC, 0xD6FC, 0xD6DC, 0xCEBB,
    0xCE9B, 0xADD8, 0xB5F9, 0xADD8, 0xBE5A, 0xBE5A, 0xBE3A, 0xBE3A, 0xB61A, 0xB619, 0xB619, 0xADF9, 0xEF9E, 0xFFFF, 0xFFFF, 0xFFFF,
    0xFFFF, 0xFFFF, 0xFFFF, 0xFFFF, 0xF7DF, 0xE73D, 0xE77E, 0xEF7E, 0xEF9E, 0xEF9E, 0xEF9E, 0xEF9E, 0xEF7E, 0xE77E, 0xE75D, 0xE73D,
    0xE73D, 0xDF1D, 0xDF1D, 0xDEFC, 0xD6FC, 0xD6FC, 0xD6DC, 0xD6DC, 0xD6DB, 0xCEBB, 0xCEBB, 0xCEBB, 0xCEBB, 0xCE9B, 0xCE9B, 0xCE9B,
    0xCE9B, 0xCE9B, 0xCE9B, 0xCE9B, 0xCE9B, 0xC69B, 0xC67B, 0xC67A, 0xC67A, 0xBE5A, 0xB619, 0xBE5A, 0xC67A, 0xBE5A, 0xBE3A, 0xB63A,
    0xB619, 0xB619, 0xB619, 0xADF9, 0xEF7E, 0xFFFF, 0xFFFF, 0xFFFF, 0xFFFF, 0xFFFF, 0xFFFF, 0xFFFF, 0xFFDF, 0xDF1D, 0xDF3D, 0xDF3D,
    0xDF1D, 0xDEFC, 0xD6FC, 0xD6DC, 0xCEDC, 0xCEBB, 0xCEBC, 0xC69B, 0xC69B, 0xBE7B, 0xBE7B, 0xBE7B, 0xB65A, 0xB65A, 0xB63A, 0xB63A,
    0xB63A, 0xB61A, 0xAE19, 0xADF9, 0xADF9, 0xADF9, 0xADF9, 0xAE19, 0xAE19, 0xB61A, 0xB63A, 0xB63A, 0xB63A, 0xB63A, 0xB63A, 0xB63A,
    0xB63A, 0xB63A, 0xB63A, 0xB61A, 0xB619, 0xB619, 0xB619, 0xB5F9, 0xB619, 0xB5F9, 0xB619, 0xB619, 0xEF9E, 0xFFFF, 0xFFFF, 0xFFFF,
    0xFFFF, 0xFFFF, 0xFFFF, 0xFFFF, 0xFFFF, 0xDF1D, 0xCEDC, 0xCEBC, 0xC69B, 0xBE7B, 0xBE5B, 0xB63A, 0xADF9, 0xADB8, 0xAD77, 0xA535,
    0xA4F4, 0xA4D3, 0x9CB1, 0x9C70, 0x9C4F, 0x9C2E, 0x93ED, 0x93CD, 0x93AC, 0x938B, 0x936B, 0x936B, 0x934A, 0x936B, 0x8B4A, 0x8B4B,
    0x8B6B, 0x8B6B, 0x8B8C, 0x93AD, 0x93CD, 0x93CE, 0x8BEF, 0x8C10, 0x8C51, 0x9492, 0x94F4, 0x9D36, 0x9D97, 0xA5B9, 0xA5D9, 0xA5F9,
    0xADD9, 0xADF9, 0xADF9, 0xBE3A, 0xFFFF, 0xFFFF, 0xFFFF, 0xFFFF, 0xFFFF, 0xFFFF, 0xFFFF, 0xFFFF, 0xFFFF, 0xF7BE, 0xC67B, 0xB61A,
    0xADB8, 0xA4D2, 0x940F, 0x938C, 0x934A, 0x9329, 0x9308, 0x9B28, 0xA369, 0xA3A9, 0xA3A9, 0xABA9, 0xABA9, 0xAB88, 0xA347, 0xA347,
    0xA327, 0x9B06, 0x9B06, 0x9B06, 0x9AE6, 0x9AE6, 0x9AC5, 0x9AA5, 0x9AC5, 0x9284, 0x9264, 0x9264, 0x8A44, 0x8203, 0x79E2, 0x79E3,
    0x71A2, 0x71A2, 0x71C3, 0x71E4, 0x7247, 0x7AC9, 0x836C, 0x8C10, 0x9D15, 0x9D98, 0xADD8, 0xE75D, 0xFFFF, 0xFFFF, 0xFFFF, 0xFFFF,
    0xFFDE, 0xFFFF, 0xFFFF, 0xFFFF, 0xFFFF, 0xFFFF, 0xF7BE, 0xD6DC, 0x9C0E, 0x9AA5, 0x9AE6, 0xA327, 0xAB68, 0xB3CA, 0xBC0B, 0xBC4C,
    0xC4AE, 0xCD0F, 0xCD0F, 0xCCEF, 0xC4EE, 0xC4AD, 0xBC6B, 0xBC6B, 0xBC2B, 0xBC0A, 0xBC0A, 0xBBEA, 0xB3E9, 0xB3C9, 0xB3A9, 0xAB88,
    0xAB88, 0xAB47, 0xA307, 0xA327, 0x9B06, 0x9AE6, 0x9285, 0x9285, 0x8A44, 0x8224, 0x8203, 0x79C3, 0x79C3, 0x79C3, 0x79C3, 0x79A2,
    0x8AE9, 0xC67A, 0xEF9E, 0xFFFF, 0xFFFF, 0xFFFF, 0xFFFF, 0xFFFF, 0xDDF4, 0xFFDE, 0xE656, 0xFFBE, 0xFFFF, 0xFFFF, 0xFFFF, 0xFFFF,
    0xBC6D, 0xB3A9, 0xBC0A, 0xC46C, 0xCCCD, 0xCD0F, 0xD52E, 0xD54F, 0xDDB1, 0xDDF2, 0xDDF2, 0xDDB1, 0xDD90, 0xD56F, 0xD50E, 0xCCED,
    0xCCCC, 0xCC8C, 0xCC8B, 0xCC6B, 0xC46B, 0xC42A, 0xC42A, 0xBBC9, 0xBBC9, 0xB3A8, 0xAB47, 0xAB67, 0xAB47, 0xA326, 0x9AC5, 0x9AC5,
    0x9285, 0x8A44, 0x8A44, 0x8244, 0x8245, 0x8A65, 0x8A85, 0x8A65, 0x9B08, 0xFFBE, 0xFFFF, 0xFFFF, 0xFFFF, 0xFFFF, 0xFFFF, 0xFFFF,
    0xBC0B, 0xD570, 0xB367, 0xDE57, 0xFFFF, 0xFFFF, 0xFFFF, 0xF79D, 0xBC6C, 0xC46B, 0xCCAC, 0xD4ED, 0xD54F, 0xDD90, 0xDDB0, 0xE5D0,
    0xE632, 0xEE33, 0xE612, 0xE5F1, 0xE5D0, 0xDD6F, 0xD52E, 0xD50D, 0xD4EC, 0xCCCC, 0xCCAC, 0xCCAB, 0xCC8B, 0xC42A, 0xC42A, 0xBBE9,
    0xBBE9, 0xB3A8, 0xAB47, 0xAB47, 0xAB47, 0xAB26, 0xA2E6, 0xA2E6, 0x9AA5, 0x9285, 0x92A5, 0x8AA6, 0x8AA6, 0x8AC7, 0x92E7, 0x9307,
    0x9B48, 0xEF1B, 0xFFFF, 0xFFFF, 0xFFFF, 0xFFFF, 0xFFFF, 0xFFFF, 0xB3A9, 0xC40A, 0xB3A9, 0xE6B9, 0xFFFF, 0xFFFF, 0xFFFF, 0xEF3B,
    0xBC4B, 0xC46B, 0xCCAC, 0xD4ED, 0xD54F, 0xDD6F, 0xDDB0, 0xE5D1, 0xEE32, 0xE632, 0xEE32, 0xE5F1, 0xDDB0, 0xE5B0, 0xDD4F, 0xD50E,
    0xD4ED, 0xCCCD, 0xCCAC, 0xCCAB, 0xCC8B, 0xC42A, 0xC409, 0xBBE9, 0xBBC9, 0xB3C8, 0xAB67, 0xAB47, 0xA327, 0xAB47, 0xA306, 0x9AE6,
    0x9AE6, 0x92C6, 0x92E7, 0x8B08, 0x8B29, 0x9349, 0x936A, 0x9B8A, 0x9B8A, 0xDED9, 0xFFFF, 0xF7FF, 0xFFFF, 0xFFFF, 0xFFFF, 0xFFFF,
    0xC44A, 0xBBE9, 0xABCA, 0xFFBE, 0xFFFF, 0xFFFF, 0xFFFF, 0xEED9, 0xBBE9, 0xC46B, 0xCCAC, 0xD50E, 0xDD70, 0xDD6F, 0xDDB0, 0xE5D1,
    0xEE33, 0xE632, 0xE612, 0xABEB, 0x7225, 0x9B69, 0xDD90, 0xD52E, 0xD50D, 0xD4ED, 0xCCAC, 0xCC8B, 0xCC8B, 0xC42A, 0xBC09, 0xBBE9,
    0xBBC9, 0xB3C8, 0xAB67, 0x92C6, 0x7205, 0x69C3, 0x9AE6, 0x9AE7, 0x9B07, 0x9308, 0x9369, 0x938A, 0x8B8A, 0x93CB, 0x93EC, 0x9C2D,
    0x93EC, 0xCE98, 0xEFFF, 0xEFDF, 0xF7FF, 0xF7FF, 0xF7FF, 0xFFFF, 0xC42A, 0xB367, 0xC510, 0xFFFF, 0xFFFF, 0xFFFF, 0xFFFF, 0xE677,
    0xBBE9, 0xC46B, 0xCCAC, 0xD50E, 0xDD70, 0xDD70, 0xDDB0, 0xE5F1, 0xE613, 0xEE73, 0xBC8D, 0x7246, 0x69E4, 0x4901, 0xC4CD, 0xDD4E,
    0xD50D, 0xD4ED, 0xCCAC, 0xCC8B, 0xCC6B, 0xC42A, 0xBBE9, 0xBBE9, 0xBBC9, 0xBBC9, 0xA327, 0x7225, 0x7246, 0x40C1, 0x7A25, 0x9B27,
    0x9B48, 0x936A, 0x93CB, 0x8C70, 0x8D55, 0x8D55, 0x8CD2, 0x8CB1, 0x8C6E, 0xBE57, 0xE7FF, 0xDFDF, 0xE7DF, 0xE7DF, 0xEFFF, 0xF7FF,
    0xBBC9, 0xAB68, 0xEF3B, 0xFFFF, 0xFFFF, 0xFFFF, 0xFFFF, 0xDE56, 0xBBE8, 0xC44B, 0xCCCC, 0xD50E, 0xDD70, 0xDD70, 0xDDB0, 0xE5F2,
    0xE613, 0xEE53, 0xC4EE, 0x48E1, 0x4901, 0x5984, 0xC4CD, 0xDD4E, 0xD50D, 0xD4ED, 0xCCAC, 0xCC8B, 0xCC6B, 0xC42A, 0xBBE9, 0xBC09,
    0xBBC8, 0xBBC8, 0xB388, 0x6182, 0x5121, 0x5143, 0x7A46, 0x9B48, 0x9B8A, 0x93CB, 0x8C70, 0xB6BC, 0xEFDF, 0xE79F, 0xC73E, 0xAE9B,
    0x95D8, 0x9639, 0xAF5E, 0xBFBF, 0xD7FF, 0xE7FF, 0xE7FF, 0xE7DF, 0xAB27, 0xAB68, 0xE6B8, 0xFFFF, 0xFFFF, 0xFFFF, 0xFFFF, 0xDE15,
    0xBBE9, 0xC46B, 0xCCCC, 0xD50D, 0xDD70, 0xDD6F, 0xDDB0, 0xE5D1, 0xE633, 0xE612, 0xEE33, 0xAC0B, 0x7A87, 0xABEB, 0xDD6F, 0xD50D,
    0xDD2E, 0xD52D, 0xCCAB, 0xCC8B, 0xCC8B, 0xC44A, 0xBBE9, 0xC409, 0xBBE9, 0xB388, 0xBBA8, 0x9AC6, 0x71E4, 0x8266, 0x9B28, 0x9349,
    0x9BCB, 0x8C0D, 0x9576, 0xDF9F, 0xDF9E, 0xF7BF, 0xFFFF, 0xF7BF, 0xDF5E, 0xC71E, 0xAEBD, 0x9E9C, 0x969C, 0xA6FD, 0xD7DF, 0xDFFF,
    0xAB88, 0xBC2A, 0xBC4B, 0xF75C, 0xFFFF, 0xFFFF, 0xFFFF, 0xDDF4, 0xBBE9, 0xC46B, 0xCCCD, 0xD4ED, 0xD54F, 0xDD6F, 0xDD90, 0xDDD1,
    0xE612, 0xE612, 0xE612, 0xE5F1, 0xE5D1, 0xDD6F, 0xDD4E, 0xD52D, 0xBC4B, 0xBC2B, 0xD4EC, 0xC46B, 0xC46B, 0xC44A, 0xC42A, 0xABA8,
    0xA347, 0xB388, 0xAB88, 0xAB67, 0xB388, 0xAB68, 0xA369, 0x9B8A, 0x940D, 0x846F, 0xA63A, 0xAF3E, 0x6E9D, 0x8EFE, 0xA73E, 0xC75E,
    0xD75E, 0xDF5E, 0xF7BF, 0xF7BF, 0xE77E, 0xB6DD, 0x8E5C, 0xCFBF, 0xB388, 0xBBEA, 0xC42A, 0xC48C, 0xF75B, 0xEFBE, 0xFFFF, 0xE634,
    0xBBE9, 0xC46B, 0xCCCD, 0xCCED, 0xD54F, 0xDD6F, 0xDD8F, 0xDDB1, 0xE5F2, 0xE612, 0xE612, 0xDDB0, 0xDDB0, 0xD54E, 0xD52E, 0xDD4E,
    0x9B68, 0x4901, 0xB3E9, 0xD4CC, 0xD4CC, 0xD4AB, 0xB3E9, 0x5962, 0x8285, 0xB3A8, 0xAB68, 0xA327, 0xAB68, 0xA368, 0xA389, 0x9BCB,
    0x9C4E, 0x84D2, 0xB6DD, 0x8EDE, 0x6E9E, 0x6EBE, 0x66DE, 0x6EDE, 0x76FE, 0x8F3E, 0xA75E, 0xBF7E, 0xDF9E, 0xEFDF, 0x8DFB, 0x8E5C,
    0xA327, 0xAB88, 0xBC0A, 0xCC2A, 0xACAF, 0x4D39, 0x7E1C, 0xAD95, 0xC42A, 0xCC6B, 0xCCCD, 0xCCED, 0xD52F, 0xDD4F, 0xDD6F, 0xDD90,
    0xE5F2, 0xE5F1, 0xE5F2, 0xDDB0, 0xDD90, 0xD54E, 0xDD4E, 0xD4EC, 0xD50D, 0x8AE7, 0x5121, 0x7224, 0x8AC6, 0x7A65, 0x5962, 0x7A85,
    0xBC09, 0xAB67, 0xAB88, 0xA327, 0xA348, 0xA369, 0x9BAA, 0x9C0D, 0x948F, 0x8D75, 0xBF1E, 0x6E7D, 0x6E9E, 0x6EBE, 0x6EDE, 0x6EFE,
    0x66FE, 0x66FE, 0x66FE, 0x5EFE, 0x26BE, 0x8F3E, 0x95FB, 0x6D7A, 0xBCAE, 0x9AE6, 0xAB89, 0xC3E9, 0x94B0, 0x457B, 0x455A, 0x3CB9,
    0x6C73, 0xB46D, 0xD4CC, 0xD4ED, 0xD50E, 0xD54F, 0xDD4F, 0xDD90, 0xE5D1, 0xE5D1, 0xE5F1, 0xDDB0, 0xDD90, 0xD52E, 0xDD4E, 0xD4EC,
    0xD4EC, 0xD50D, 0xB40A, 0x82A6, 0x7A65, 0x82A6, 0xABA9, 0xCC6B, 0xBBE9, 0xAB88, 0xAB88, 0xA327, 0xA348, 0xA389, 0x9BCB, 0x9C4E,
    0x8CD1, 0x9E19, 0xAF1E, 0x5E3D, 0x669E, 0x669E, 0x66DE, 0x66DE, 0x66FE, 0x6EFE, 0x671F, 0x36DF, 0x0E9E, 0x8F3E, 0x755A, 0x7DFB,
    0xFFDE, 0xB44D, 0x92A5, 0xAB26, 0x7C51, 0x457B, 0x559B, 0x44F9, 0x3C99, 0x54D8, 0x8CD2, 0xC48D, 0xD4ED, 0xDD4E, 0xD54F, 0xDD6F,
    0xDDB0, 0xDDB0, 0xE5D1, 0xDDB0, 0xDD8F, 0xD50D, 0xD52E, 0xCCEC, 0xD4EC, 0xCCCC, 0xCCAC, 0xCCAB, 0xD4CC, 0xCC8B, 0xC44A, 0xC409,
    0xBBE9, 0xAB88, 0xAB88, 0xA327, 0xA368, 0xA3AA, 0x9BEC, 0x9C6E, 0x8513, 0xB6BC, 0x96BE, 0x5E3E, 0x667E, 0x5E9E, 0x5EBE, 0x5EDE,
    0x66FE, 0x66FF, 0x36BE, 0x16BE, 0x36DE, 0xB71E, 0x5CD9, 0xA6DD, 0xFFFF, 0xFFBE, 0xB42D, 0x8A02, 0x6412, 0x451A, 0x4D19, 0x44B9,
    0x4498, 0x4CF9, 0x451A, 0x5CF7, 0x9CD1, 0xCCED, 0xDD0D, 0xDD6F, 0xDD90, 0xDD90, 0xDD90, 0xDD90, 0xDD6F, 0xD4ED, 0xD50D, 0xCCCC,
    0xCCCC, 0xCCAC, 0xC48B, 0xC42A, 0xC44A, 0xC42A, 0xBC09, 0xC40A, 0xBBC8, 0xB367, 0xAB68, 0xA347, 0xA369, 0x9BAA, 0x9C0D, 0x948F,
    0x8555, 0xBF1D, 0x763D, 0x5E1E, 0x5E5E, 0x5E7E, 0x569E, 0x56BE, 0x56DF, 0x2E9E, 0x1E9E, 0x167E, 0x5EFE, 0xAE7C, 0x5CD8, 0xBF9F,
    0xFFFF, 0xFFFF, 0xFFFF, 0xC512, 0x53F3, 0x3C79, 0x3C98, 0x3C98, 0x3C58, 0x44B8, 0x4D19, 0x4D5A, 0x4D5A, 0x6D37, 0xA4F1, 0xD50E,
    0xE56F, 0xDD6F, 0xDD6F, 0xDD4F, 0xD54E, 0xCCED, 0xD4ED, 0xCCCC, 0xCCCC, 0xCC8B, 0xCC8B, 0xC42A, 0xC44A, 0xBC09, 0xBC09, 0xBC09,
    0xB3A8, 0xB387, 0xAB88, 0xA348, 0xA389, 0x9BCB, 0x942E, 0x8CB0, 0x8DB7, 0xB6FE, 0x5DDD, 0x5E1E, 0x563E, 0x565E, 0x567E, 0x4E9E,
    0x2E7E, 0x1E5E, 0x267E, 0x165E, 0x8F1E, 0x8DBB, 0x759A, 0xD7FF, 0xFFFF, 0xFFFF, 0xFFFF, 0xFFFF, 0x4C57, 0x33F7, 0x3C17, 0x3C37,
    0x3C58, 0x3C78, 0x44B9, 0x4D39, 0x557A, 0x4D7B, 0x557A, 0x7536, 0xAD32, 0xCCED, 0xDD0D, 0xDD4E, 0xD52E, 0xCCCC, 0xCCEC, 0xCCCC,
    0xCCAC, 0xC48B, 0xC48B, 0xC42A, 0xC42A, 0xBBE9, 0xBBE9, 0xBC09, 0xB3A8, 0xAB87, 0xAB68, 0xAB68, 0xA389, 0x9BEB, 0x9C4E, 0x7CD1,
    0x9E3A, 0x969E, 0x4D9D, 0x55FE, 0x561E, 0x563E, 0x4E5E, 0x2E3E, 0x1E3E, 0x1E3E, 0x1E3E, 0x1E3D, 0xA6FE, 0x6CD7, 0xA65A, 0xDFFF,
    0xFFFF, 0xFFFF, 0xFFFF, 0xF7DF, 0x6CF8, 0x2BB6, 0x2396, 0x33D6, 0x3C58, 0x3C98, 0x44B9, 0x44F9, 0x4D19, 0x555A, 0x557A, 0x4D9B,
    0x559B, 0x6D37, 0xA4F1, 0xC4CD, 0xD4CC, 0xCCAB, 0xCCCC, 0xCCAC, 0xCCAC, 0xC46B, 0xC46B, 0xC42A, 0xBC0A, 0xBBE9, 0xBBE9, 0xBBE9,
    0xB388, 0xAB88, 0xAB68, 0xAB88, 0xA389, 0x940D, 0x7513, 0x5558, 0xAE9C, 0x6DDD, 0x457D, 0x55BE, 0x55DE, 0x4E1E, 0x35DE, 0x25DE,
    0x25FE, 0x25FE, 0x15FD, 0x463D, 0x9E7D, 0x7432, 0xBC2B, 0xD6B9, 0xFFFF, 0xFFFF, 0xFFFF, 0xFFFF, 0xFFFF, 0xC6DC, 0x7D59, 0x4437,
    0x3C58, 0x4498, 0x44B9, 0x44F9, 0x4519, 0x4519, 0x4539, 0x4D5A, 0x557A, 0x4D9B, 0x559B, 0x6D58, 0x94F2, 0xB46D, 0xCC4A, 0xCC8B,
    0xCC8B, 0xC44B, 0xC42A, 0xC42A, 0xBBE9, 0xBBC9, 0xBBE9, 0xB3C9, 0xAB67, 0xB367, 0xAB47, 0x9BCA, 0x7C71, 0x5517, 0x3D9A, 0x5D9A,
    0xB69D, 0x4D3D, 0x4D5E, 0x4D7E, 0x4DBE, 0x359D, 0x2D9D, 0x2DBE, 0x25BE, 0x25DE, 0x159D, 0x663D, 0x8D58, 0x6BCF, 0xBBE9, 0xB42B,
    0xFFFF, 0xFFFF, 0xFFFF, 0xFFFF, 0xFFFF, 0xFFFF, 0xFFFF, 0xEFBE, 0x5CD8, 0x3C58, 0x44B9, 0x44D9, 0x4519, 0x4539, 0x4539, 0x4519,
    0x4539, 0x4D5A, 0x557A, 0x559B, 0x4D9B, 0x5D79, 0x8514, 0xAC8E, 0xC44B, 0xC429, 0xC409, 0xC42A, 0xBBE9, 0xBBC9, 0xBBC8, 0xBB87,
    0xA327, 0x93AB, 0x7451, 0x54B7, 0x3CF9, 0x4519, 0x3D59, 0x85FA, 0x9E3D, 0x34BD, 0x453D, 0x455D, 0x3D3D, 0x2D3D, 0x2D5D, 0x2D7D,
    0x2D7D, 0x257D, 0x2CFA, 0x9490, 0xBC2B, 0xC42A, 0xBC0A, 0xBBE9, 0xFFFF, 0xFFFF, 0xFFFF, 0xFFFF, 0xFFFF, 0xFFFF, 0xFFFF, 0xFFFF,
    0x859A, 0x3438, 0x44B9, 0x44D9, 0x4519, 0x4519, 0x4D3A, 0x4539, 0x4539, 0x4519, 0x4519, 0x4D5A, 0x557A, 0x559B, 0x559B, 0x5D7A,
    0x7536, 0x9490, 0xAC0B, 0xBBC8, 0xBBA7, 0xB367, 0xABAA, 0x8C0E, 0x6474, 0x44B8, 0x3CB9, 0x4498, 0x44D8, 0x4539, 0x4559, 0xAE7C,
    0x759D, 0x347D, 0x44FD, 0x3CDD, 0x34FD, 0x351D, 0x2D1D, 0x2D3D, 0x2D3D, 0x24FB, 0x7C30, 0xCC6A, 0xCCAC, 0xCC8B, 0xC42A, 0xBBE9,
    0xFFFF, 0xFFFF, 0xFFFF, 0xFFFF, 0xFFFF, 0xFFFF, 0xFFFF, 0xFFFF, 0xA63B, 0x2C17, 0x44B9, 0x44D9, 0x44F9, 0x451A, 0x453A, 0x4D3A,
    0x4D3A, 0x4D3A, 0x453A, 0x4519, 0x4519, 0x4D3A, 0x555A, 0x557A, 0x4D5B, 0x4D5A, 0x5518, 0x74B3, 0x942E, 0x7472, 0x54D7, 0x44D9,
    0x44B9, 0x4478, 0x4477, 0x3C77, 0x3CB8, 0x3D39, 0x5579, 0xBEBD, 0x54BC, 0x3C7D, 0x3C9D, 0x349D, 0x34BD, 0x34DD, 0x2CFD, 0x2CFD,
    0x2CFC, 0x3457, 0xAC2C, 0xD4CD, 0xCCAC, 0xC46B, 0xBC0A, 0xBBC9, 0xFFFF, 0xFFFF, 0xFFFF, 0xFFFF, 0xFFFF, 0xFFFF, 0xFFFF, 0xFFFF,
    0xC6DD, 0x3417, 0x4499, 0x44B9, 0x44F9, 0x451A, 0x451A, 0x453A, 0x4D39, 0x4D3A, 0x4D3A, 0x4D3A, 0x4D3A, 0x4519, 0x44F9, 0x44F9,
    0x4CF9, 0x4D19, 0x4D5A, 0x4D7B, 0x4D3B, 0x4CFA, 0x44D9, 0x4498, 0x4477, 0x3C37, 0x3417, 0x3457, 0x3CD8, 0x3D59, 0x75BA, 0xAE5D,
    0x3C1C, 0x3C5D, 0x3C5D, 0x347D, 0x347D, 0x349D, 0x349D, 0x34BD, 0x2CBC, 0x43F5, 0xBC2B, 0xCCAC, 0xCC8B, 0xC44A, 0xBBC9, 0xB3C9,
    0xFFFF, 0xFFFF, 0xFFFF, 0xFFFF, 0xFFFF, 0xFFFF, 0xFFFF, 0xFFFF, 0xEF9E, 0x4457, 0x3C58, 0x4499, 0x44D9, 0x44FA, 0x451A, 0x451A,
    0x451A, 0x451A, 0x4539, 0x451A, 0x4D39, 0x4D3A, 0x4D1A, 0x44F9, 0x3CB9, 0x3CB9, 0x44B9, 0x4CD9, 0x4CD9, 0x4CB8, 0x3C78, 0x3437,
    0x3417, 0x3417, 0x3C37, 0x3C98, 0x3CF9, 0x3D39, 0x95FB, 0x7D5C, 0x2BBC, 0x3C1D, 0x3C3D, 0x3C5D, 0x345D, 0x345C, 0x347C, 0x347C,
    0x2C7B, 0x3BD5, 0xB3EB, 0xCC8B, 0xC44B, 0xBBE9, 0xB3A8, 0xB388, 0xFFFF, 0xFFFF, 0xFFFF, 0xFFFF, 0xFFFF, 0xFFFF, 0xFFFF, 0xFFFF,
    0xFFFF, 0x6CF8, 0x3438, 0x4499, 0x44B9, 0x44D9, 0x44FA, 0x451A, 0x451A, 0x451A, 0x451A, 0x451A, 0x451A, 0x4519, 0x4CF9, 0x4CF9,
    0x44F9, 0x44B9, 0x3C78, 0x3C58, 0x3C58, 0x3437, 0x3437, 0x3C38, 0x3C58, 0x3C58, 0x3C58, 0x3CB8, 0x3D19, 0x3D18, 0xAE5C, 0x95DD,
    0x547C, 0x441C, 0x33DC, 0x2BDC, 0x33FC, 0x341C, 0x343D, 0x345C, 0x2C3B, 0x4438, 0xA40D, 0xB367, 0xB388, 0xAB68, 0xA306, 0xABCA,
    0xFFFF, 0xFFFF, 0xFFFF, 0xFFFF, 0xFFFF, 0xFFFF, 0xFFFF, 0xFFFF, 0xFFFF, 0x9DFA, 0x2BF7, 0x4498, 0x44B9, 0x44B9, 0x44D9, 0x44F9,
    0x44F9, 0x44F9, 0x44FA, 0x44FA, 0x44FA, 0x44F9, 0x44F9, 0x44F9, 0x44D9, 0x44B9, 0x4498, 0x3C78, 0x3C58, 0x3C78, 0x3C78, 0x3C58,
    0x3C58, 0x3C58, 0x3C78, 0x3CB8, 0x3D39, 0x4CF8, 0xCEDD, 0xE79E, 0xDF5E, 0xC6DE, 0x9DFD, 0x6D1C, 0x443C, 0x2BDC, 0x2BBC, 0x2BDC,
    0x23DB, 0x755C, 0x7454, 0x7B0A, 0xA348, 0x9B07, 0xB44D, 0xEF3B, 0xFFFF, 0xFFFF, 0xFFFF, 0xFFFF, 0xFFFF, 0xFFFF, 0xFFFF, 0xFFFF,
    0xFFFF, 0xDF3D, 0x3C17, 0x3C58, 0x3C78, 0x44B9, 0x44B9, 0x44D9, 0x44D9, 0x44D9, 0x44D9, 0x44D9, 0x44F9, 0x44D9, 0x44D9, 0x44D9,
    0x44B9, 0x4498, 0x3C78, 0x3C78, 0x3C58, 0x3C58, 0x3C58, 0x3C58, 0x3C58, 0x3C58, 0x3C78, 0x3CB8, 0x3D19, 0x44D8, 0xBE7C, 0xEFDF,
    0xE77E, 0xE79E, 0xE77E, 0xCEDC, 0xC6DD, 0xB67D, 0x859C, 0x5CBC, 0x3BFB, 0xA63D, 0x43B5, 0x7D58, 0xDF5C, 0xDF1B, 0xF7FF, 0xFFFF,
    0xFFFF, 0xFFFF, 0xFFFF, 0xFFFF, 0xFFFF, 0xFFFF, 0xFFFF, 0xFFFF, 0xFFFF, 0xFFFF, 0x64D8, 0x33F7, 0x4478, 0x3C78, 0x4499, 0x44B9,
    0x44B9, 0x44B9, 0x44B9, 0x44B9, 0x44B9, 0x44B9, 0x44B9, 0x44B9, 0x4499, 0x4478, 0x3C58, 0x3C58, 0x3C58, 0x3C58, 0x3C58, 0x3C58,
    0x3C38, 0x3C38, 0x3C58, 0x3C78, 0x3CD8, 0x3CF8, 0x5457, 0x9579, 0xBE7C, 0xD73E, 0xE77E, 0xCEFC, 0xDF3D, 0xE77E, 0xDF7E, 0xD73E,
    0xCF1E, 0xAE5C, 0x2B33, 0xAEFC, 0xE7FF, 0xEFFF, 0xF7FF, 0xFFFF, 0xFFFF, 0xFFFF, 0xFFFF, 0xFFFF, 0xFFFF, 0xFFFF, 0xFFFF, 0xFFFF,
    0xFFFF, 0xFFFF, 0xBE9C, 0x2375, 0x2BF7, 0x3C78, 0x3C78, 0x3C78, 0x4498, 0x4498, 0x4499, 0x4498, 0x4499, 0x4499, 0x4499, 0x4498,
    0x4478, 0x3C78, 0x3C58, 0x3C58, 0x3C58, 0x3C58, 0x3C38, 0x3C38, 0x3C38, 0x3C38, 0x3C37, 0x3C57, 0x3C57, 0x3CB7, 0x3C97, 0x33D5,
    0x3B94, 0x4BF5, 0x74D8, 0xA5FB, 0xCEDD, 0xE77E, 0xE79F, 0xE77E, 0xEFDF, 0x7D19, 0x3B73, 0xCFBF, 0xDFDF, 0xEFFF, 0xFFFF, 0xFFFF,
    0xFFFF, 0xFFFF, 0xFFFF, 0xFFFF, 0xFFFF, 0xFFFF, 0xFFFF, 0xFFFF, 0xFFFF, 0xFFFF, 0xFFFF, 0xAE5B, 0x5C76, 0x3352, 0x3BF6, 0x3417,
    0x3438, 0x3459, 0x3479, 0x3C79, 0x3C79, 0x3C99, 0x3C99, 0x3C78, 0x3C78, 0x3C78, 0x3C58, 0x3C58, 0x3C58, 0x3C58, 0x3C38, 0x3C38,
    0x3C18, 0x3C18, 0x3417, 0x3437, 0x3437, 0x3437, 0x3477, 0x3CB7, 0x3CB7, 0x3C76, 0x4435, 0x43D4, 0x4BF5, 0x5C36, 0x7CF8, 0xA5FA,
    0x8D7A, 0x2AF3, 0x6D17, 0xDFFF, 0xE7DF, 0xF7FF, 0xFFFF, 0xFFFF, 0xFFFF, 0xFFFF, 0xFFFF, 0xFFFF, 0xFFFF, 0xFFFF, 0xFFFF, 0xFFFF,
    0xFFFF, 0xFFFF, 0xFFFF, 0xFFFF, 0xFFFF, 0xA44F, 0x6A05, 0x72CA, 0x62EC, 0x5B0E, 0x4B2F, 0x4B51, 0x4372, 0x3B93, 0x3BB4, 0x3BB4,
    0x3BB4, 0x3BD5, 0x3BD5, 0x3BD6, 0x3BD6, 0x3BD5, 0x3BB5, 0x3B94, 0x3B73, 0x3B53, 0x3B32, 0x3B31, 0x4351, 0x4350, 0x4B4F, 0x536F,
    0x5BAF, 0x7430, 0x7C4F, 0x9DF7, 0xBF9E, 0x9E9C, 0x7D79, 0x5456, 0x43B4, 0x64D7, 0xC79F, 0xDFDF, 0xEFFF, 0xF7FF, 0xFFFF, 0xFFFF,
    0xFFFF, 0xFFFF, 0xFFFF, 0xFFFF, 0xFFFF, 0xFFFF, 0xFFFF, 0xFFFF, 0xFFFF, 0xFFFF, 0xFFFF, 0xFFFF, 0xFFFF, 0xFFFF, 0xB46E, 0x8A23,
    0x9A85, 0x9A85, 0x8A44, 0x8A45, 0x8245, 0x7A45, 0x7A46, 0x7246, 0x7246, 0x6A26, 0x7267, 0x7247, 0x6A26, 0x6A26, 0x6A26, 0x69E5,
    0x69C4, 0x69C4, 0x69A3, 0x69C3, 0x71E4, 0x7225, 0x7A66, 0x7AA7, 0x8329, 0x8329, 0xA512, 0xDFDF, 0xDFFF, 0xDFFF, 0xDFFF, 0xD7FF,
    0xD7BF, 0xDFFF, 0xDFFF, 0xEFFF, 0xF7FF, 0xFFFF, 0xFFFF, 0xFFFF, 0xFFFF, 0xFFFF, 0xFFFF, 0xFFFF, 0xFFFF, 0xFFFF, 0xFFFF, 0xFFFF,
    0xFFFF, 0xFFFF, 0xFFFF, 0xFFFF, 0xFFFF, 0xFFFF, 0xFFFF, 0xC532, 0x8A85, 0x92A6, 0x9B07, 0x92A6, 0x92A6, 0x9285, 0x9285, 0x9285,
    0x9285, 0x8A44, 0x9264, 0x9264, 0x8A44, 0x8A44, 0x8A23, 0x8203, 0x81E3, 0x79E3, 0x79E3, 0x79E4, 0x7A04, 0x7A45, 0x8286, 0x8AC7,
    0x82C7, 0xB512, 0xEFDF, 0xEFFF, 0xE7DF, 0xE7DF, 0xE7DF, 0xE7DF, 0xE7FF, 0xE7DF, 0xEFFF, 0xF7FF, 0xF7FF, 0xFFFF, 0xFFFF, 0xFFFF,
    0xFFFF, 0xFFFF, 0xFFFF, 0xFFFF, 0xFFFF, 0xFFFF, 0xFFFF, 0xFFFF, 0xFFFF, 0xFFFF, 0xFFFF, 0xFFFF, 0xFFFF, 0xFFFF, 0xFFFF, 0xFFFF,
    0xDE37, 0x9B08, 0x8A44, 0x92A6, 0x92A6, 0x92A6, 0x92A6, 0x8A85, 0x92A6, 0x8A85, 0x8A65, 0x9285, 0x8A65, 0x8A65, 0x8244, 0x8224,
    0x8204, 0x79E3, 0x7A04, 0x7A04, 0x8225, 0x8245, 0x8245, 0x9329, 0xD616, 0xFFFF, 0xF7FF, 0xF7FF, 0xF7FF, 0xF7FF, 0xF7FF, 0xF7FF,
    0xF7FF, 0xF7FF, 0xF7FF, 0xFFFF, 0xFFFF, 0xFFFF, 0xFFFF, 0xFFFF, 0xFFFF, 0xFFFF, 0xFFFF, 0xFFFF, 0xFFFF, 0xFFFF, 0xFFFF, 0xFFFF,
    0xFFFF, 0xFFFF, 0xFFFF, 0xFFFF, 0xFFFF, 0xFFFF, 0xFFFF, 0xFFFF, 0xFFFF, 0xF77D, 0xB46F, 0x8265, 0x8224, 0x8245, 0x8A85, 0x8A65,
    0x8265, 0x8A65, 0x8244, 0x8A44, 0x8224, 0x8224, 0x8224, 0x8204, 0x8203, 0x79E4, 0x79E4, 0x7A04, 0x79C3, 0x8245, 0xB46F, 0xEF5C,
    0xFFFF, 0xFFFF, 0xFFFF, 0xFFFF, 0xFFFF, 0xFFFF, 0xFFFF, 0xFFFF, 0xFFFF, 0xFFFF, 0xFFFF, 0xFFFF, 0xFFFF, 0xFFFF, 0xFFFF, 0xFFFF,
    0xFFFF, 0xFFFF, 0xFFFF, 0xFFFF, 0xFFFF, 0xFFFF, 0xFFFF, 0xFFFF, 0xFFFF, 0xFFFF, 0xFFFF, 0xFFFF, 0xFFFF, 0xFFFF, 0xFFFF, 0xFFFF,
    0xFFFF, 0xFFFF, 0xFFFF, 0xE6DA, 0xB46F, 0x8AA6, 0x8203, 0x8224, 0x8245, 0x8244, 0x8224, 0x8224, 0x7A04, 0x7A04, 0x7A04, 0x8204,
    0x8204, 0x79C3, 0x79A2, 0x8245, 0xAC2E, 0xE6B9, 0xFFFF, 0xFFFF, 0xFFFF, 0xFFFF, 0xFFFF, 0xFFFF, 0xFFFF, 0xFFFF, 0xFFFF, 0xFFFF,
    0xFFFF, 0xFFFF, 0xFFFF, 0xFFFF, 0xFFFF, 0xFFFF, 0xFFFF, 0xFFFF, 0xFFFF, 0xFFFF, 0xFFFF, 0xFFFF, 0xFFFF, 0xFFFF, 0xFFFF, 0xFFFF,
    0xFFFF, 0xFFFF, 0xFFFF, 0xFFFF, 0xFFFF, 0xFFFF, 0xFFFF, 0xFFFF, 0xFFFF, 0xFFDF, 0xFFDF, 0xFFFF, 0xFFFF, 0xEF3C, 0xC573, 0x9B8A,
    0x8A44, 0x8224, 0x8245, 0x7A04, 0x7A04, 0x7A04, 0x7A04, 0x79E3, 0x79C3, 0x9308, 0xC512, 0xEF1B, 0xFFFF, 0xFFFF, 0xFFDF, 0xFFDF,
    0xFFFF, 0xFFFF, 0xFFFF, 0xFFFF, 0xFFFF, 0xFFFF, 0xFFFF, 0xFFFF, 0xFFFF, 0xFFFF, 0xFFFF, 0xFFFF, 0xFFFF, 0xFFFF, 0xFFFF, 0xFFFF,
    0xFFFF, 0xFFFF, 0xFFFF, 0xFFFF, 0xFFFF, 0xFFFF, 0xFFFF, 0xFFFF, 0xFFFF, 0xFFFF, 0xFFFF, 0xFFFF, 0xFFDF, 0xFFDF, 0xF7BF, 0xF7BE,
    0xF79E, 0xEF9E, 0xEF7E, 0xE75D, 0xE75D, 0xEF7E, 0xEFBF, 0xEF7E, 0xCDF6, 0x9B49, 0x8203, 0x8224, 0x8225, 0x8204, 0x79C3, 0x8AA7,
    0xBD53, 0xE75D, 0xEFBF, 0xEF9E, 0xE75D, 0xEF5D, 0xEF7E, 0xEF7E, 0xF79E, 0xF7BE, 0xF7BE, 0xF7DF, 0xFFDF, 0xFFDF, 0xFFFF, 0xFFFF,
    0xFFFF, 0xFFFF, 0xFFFF, 0xFFFF, 0xFFFF, 0xFFFF, 0xFFFF, 0xFFFF, 0xFFFF, 0xFFFF, 0xFFFF, 0xFFFF, 0xFFFF, 0xFFFF, 0xFFFF, 0xFFFF,
    0xFFFF, 0xFFDF, 0xFFDF, 0xF7BF, 0xF7BE, 0xF79E, 0xEF7E, 0xEF5D, 0xE73D, 0xDF3D, 0xDF1C, 0xDEFC, 0xD6FC, 0xD6DB, 0xCE9B, 0xC69B,
    0xC69B, 0xBE19, 0x940F, 0x8266, 0x8224, 0x8225, 0x938D, 0xB5F8, 0xC6BB, 0xC69B, 0xCE9B, 0xCEBB, 0xD6DC, 0xD6FC, 0xDF1C, 0xE73D,
    0xE73D, 0xE75D, 0xEF7E, 0xEF9E, 0xF7BE, 0xF7BF, 0xF7BF, 0xFFDF, 0xFFDF, 0xFFFF, 0xFFFF, 0xFFFF, 0xFFFF, 0xFFFF, 0xFFFF, 0xFFFF,
    0xFFFF, 0xFFFF, 0xFFFF, 0xFFFF, 0xFFFF, 0xFFFF, 0xFFFF, 0xFFFF, 0xFFDF, 0xFFDF, 0xFFDF, 0xF7BF, 0xF7BE, 0xF79E, 0xEF7E, 0xEF7E,
    0xE75D, 0xE73D, 0xDF1D, 0xDEFC, 0xD6FC, 0xD6DC, 0xCEBB, 0xC67A, 0xBE19, 0xB5F9, 0xAE1A, 0xAD97, 0xA514, 0xAD76, 0xAE1A, 0xB619,
    0xB619, 0xC67A, 0xCE9B, 0xCEBC, 0xD6DC, 0xDEFC, 0xDF1C, 0xE73D, 0xE75D, 0xE75E, 0xEF7E, 0xEF9E, 0xF7BE, 0xF7BF, 0xF7DF, 0xFFDF,
    0xFFDF, 0xFFFF, 0xFFFF, 0xFFFF, 0xFFFF, 0xFFFF, 0xFFFF, 0xFFFF, 0xFFFF, 0xFFFF, 0xFFFF, 0xFFFF, 0xFFFF, 0xFFFF, 0xFFFF, 0xFFFF,
    0xFFFF, 0xFFFF, 0xFFFF, 0xFFDF, 0xFFDF, 0xF7DF, 0xF7BF, 0xF7BE, 0xF79E, 0xEF9E, 0xEF7E, 0xEF7E, 0xE75D, 0xE75D, 0xE73D, 0xDF3D,
    0xDF1D, 0xDF1C, 0xD6FC, 0xDF1D, 0xDF3D, 0xD71D, 0xD6FC, 0xDEFC, 0xDF1D, 0xDF1D, 0xE73D, 0xE75D, 0xE75D, 0xEF7E, 0xEF7E, 0xEF9E,
    0xEF9E, 0xF7BE, 0xF7BF, 0xF7DF, 0xFFDF, 0xFFDF, 0xFFFF, 0xFFFF, 0xFFFF, 0xFFFF, 0xFFFF, 0xFFFF, 0xFFFF, 0xFFFF, 0xFFFF, 0xFFFF,
    0xFFFF, 0xFFFF, 0xFFFF, 0xFFFF, 0xFFFF, 0xFFFF, 0xFFFF, 0xFFFF, 0xFFFF, 0xFFFF, 0xFFFF, 0xFFFF, 0xFFFF, 0xFFFF, 0xFFFF, 0xFFFF,
    0xFFFF, 0xFFDF, 0xFFDF, 0xFFDF, 0xFFDF, 0xFFDF, 0xF7DF, 0xF7BF, 0xF7BF, 0xF7BF, 0xF7BE, 0xF7BE, 0xF79E, 0xF7BE, 0xF7BE, 0xF7BE,
    0xF7BE, 0xF7BF, 0xF7DF, 0xF7DF, 0xFFDF, 0xFFDF, 0xFFDF, 0xFFDF, 0xFFFF, 0xFFFF, 0xFFFF, 0xFFFF, 0xFFFF, 0xFFFF, 0xFFFF, 0xFFFF,
    0xFFFF, 0xFFFF, 0xFFFF, 0xFFFF, 0xFFFF, 0xFFFF, 0xFFFF, 0xFFFF, 0xFFFF, 0xFFFF, 0xFFFF, 0xFFFF, 0xFFFF, 0xFFFF, 0xFFFF, 0xFFFF,
    0xFFFF, 0xFFFF, 0xFFFF, 0xFFFF, 0xFFFF, 0xFFFF, 0xFFFF, 0xFFFF, 0xFFFF, 0xFFFF, 0xFFFF, 0xFFFF, 0xFFFF, 0xFFFF, 0xFFFF, 0xFFFF,
    0xFFFF, 0xFFFF, 0xFFFF, 0xFFFF, 0xFFFF, 0xFFFF, 0xFFFF, 0xFFFF, 0xFFFF, 0xFFFF, 0xFFFF, 0xFFFF, 0xFFFF, 0xFFFF, 0xFFFF, 0xFFFF,
    0xFFFF, 0xFFFF, 0xFFFF, 0xFFFF, 0xFFFF, 0xFFFF, 0xFFFF, 0xFFFF, 0xFFFF, 0xFFFF, 0xFFFF, 0xFFFF, 0xFFFF, 0xFFFF, 0xFFFF, 0xFFFF,
};

const uint16_t donguri_receiving[DONGURI_IMG_W * DONGURI_IMG_H] PROGMEM = {
    0xFFFF, 0xFFFF, 0xFFFF, 0xFFFF, 0xFFFF, 0xFFFF, 0xFFFF, 0xFFFF, 0xFFFF, 0xFFFF, 0xFFFF, 0xFFFF, 0xFFFF, 0xFFFF, 0xFFFF, 0xFFFF,
    0xFFFF, 0xFFFF, 0xFFFF, 0xFFFF, 0xFFFF, 0xFFFF, 0xFFFF, 0xFFFF, 0xFFFF, 0xFFFF, 0xFFFF, 0xFFFF, 0xFFFF, 0xFFFF, 0xFFFF, 0xFFFF,
    0xFFFF, 0xFFFF, 0xFFFF, 0xFFFF, 0xFFFF, 0xFFFF, 0xFFFF, 0xFFFF, 0xFFFF, 0xFFFF, 0xFFFF, 0xFFFF, 0xFFFF, 0xFFFF, 0xFFFF, 0xFFFF,
    0xFFFF, 0xFFFF, 0xFFFF, 0xFFFF, 0xFFFF, 0xFFFF, 0xFFFF, 0xFFFF, 0xFFFF, 0xFFFF, 0xFFFF, 0xFFFF, 0xFFFF, 0xFFFF, 0xFFFF, 0xFFFF,
    0xFFFF, 0xFFFF, 0xFFFF, 0xFFFF, 0xFFFF, 0xFFFF, 0xFFFF, 0xFFFF, 0xFFFF, 0xFFFF, 0xFFFF, 0xFFFF, 0xFFFF, 0xFFFF, 0xFFFF, 0xFFFF,
    0xFFFF, 0xFFFF, 0xFFFF, 0xFFFF, 0xFFFF, 0xFFFF, 0xFFFF, 0xFFFF, 0xFFFF, 0xFFFF, 0xFFFF, 0xFFFF, 0xFFFF, 0xFFFF, 0xFFFF, 0xFFFF,
    0xFFFF, 0xFFFF, 0xFFFF, 0xFFFF, 0xFFFF, 0xFFFF, 0xFFFF, 0xFFFF, 0xFFFF, 0xFFFF, 0xFFFF, 0xFFFF, 0xFFFF, 0xFFFF, 0xFFFF, 0xFFFF,
    0xFFFF, 0xFFFF, 0xFFFF, 0xFFFF, 0xFFFF, 0xFFFF, 0xFFFF, 0xFFFF, 0xFFFF, 0xFFFF, 0xFFFF, 0xFFFF, 0xFFFF, 0xFFFF, 0xFFFF, 0xFFFF,
    0xFFFF, 0xFFFF, 0xFFFF, 0xFFFF, 0xFFFF, 0xFFFF, 0xFFFF, 0xFFFF, 0xFFFF, 0xFFFF, 0xFFFF, 0xFFFF, 0xFFFF, 0xFFFF, 0xFFFF, 0xFFFF,
    0xFFFF, 0xFFFF, 0xFFFF, 0xFFFF, 0xFFFF, 0xFFFF, 0xFFFF, 0xFFFF, 0xFFFF, 0xFFFF, 0xFFFF, 0xFFFF, 0xFFFF, 0xFFFF, 0xFFFF, 0xFFFF,
    0xFFFF, 0xFFFF, 0xFFFF, 0xFFFF, 0xFFFF, 0xFFFF, 0xFFFF, 0xFFFF, 0xFFFF, 0xFFFF, 0xFFFF, 0xFFFF, 0xFFFF, 0xFFFF, 0xFFFF, 0xFFFF,
    0xFFFF, 0xFFFF, 0xFFFF, 0xFFFF, 0xFFFF, 0xFFFF, 0xFFFF, 0xFFFF, 0xFFFF, 0xFFFF, 0xFFFF, 0xFFFF, 0xFFFF, 0xFFFF, 0xFFFF, 0xFFFF,
    0xFFFF, 0xFFFF, 0xFFFF, 0xFFFF, 0xFFFF, 0xFFFF, 0xFFFF, 0xFFFF, 0xFFFF, 0xFFFF, 0xFFFF, 0xFFFF, 0xFFFF, 0xFFFF, 0xFFFF, 0xFFFF,
    0xFFFF, 0xFFFF, 0xFFFF, 0xFFFF, 0xFFFF, 0xFFFF, 0xFFFF, 0xFFFF, 0xFFFF, 0xFFFF, 0xFFFF, 0xFFFF, 0xFFFF, 0xFFFF, 0xFFFF, 0xFFFF,
    0xFFFF, 0xFFFF, 0xFFFF, 0xFFFF, 0xFFFF, 0xFFFF, 0xFFFF, 0xFFFF, 0xFFFF, 0xFFFF, 0xFFFF, 0xFFFF, 0xFFFF, 0xFFFF, 0xFFFF, 0xFFFF,
    0xFFFF, 0xFFFF, 0xFFFF, 0xFFFF, 0xFFFF, 0xFFFF, 0xFFFF, 0xFFFF, 0xFFFF, 0xFFFF, 0xFFFF, 0xFFFF, 0xFFFF, 0xFFFF, 0xFFFF, 0xFFFF,
    0xFFFF, 0xFFFF, 0xFFDF, 0xFFFF, 0xFFFF, 0xFFFF, 0xFFFF, 0xFFFF, 0xFFFF, 0xFFFF, 0xFFFF, 0xFFFF, 0xFFFF, 0xFFFF, 0xFFFF, 0xFFFF,
    0xFFFF, 0xFFFF, 0xFFFF, 0xFFFF, 0xFFFF, 0xFFFF, 0xFFFF, 0xFFFF, 0xFFFF, 0xFFFF, 0xFFFF, 0xFFFF, 0xFFFF, 0xFFFF, 0xFFFF, 0xFFFF,
    0xFFFF, 0xFFFF, 0xFFFF, 0xFFFF, 0xFFFF, 0xFFFF, 0xFFFF, 0xFFFF, 0xFFFF, 0xFFFF, 0xFFFF, 0xFFFF, 0xFFFF, 0xFFFF, 0xF7BE, 0xEF7E,
    0xE75D, 0xE75D, 0xE75D, 0xE73D, 0xE73D, 0xE73D, 0xDF3D, 0xDF1D, 0xDF1D, 0xDF3D, 0xC67B, 0xE75D, 0xFFFF, 0xFFFF, 0xFFFF, 0xFFFF,
    0xFFFF, 0xFFFF, 0xFFFF, 0xFFFF, 0xFFFF, 0xFFFF, 0xFFFF, 0xFFFF, 0xFFFF, 0xFFFF, 0xFFFF, 0xFFFF, 0xFFFF, 0xFFFF, 0xFFFF, 0xFFFF,
    0xFFFF, 0xFFFF, 0xFFFF, 0xFFFF, 0xFFFF, 0xFFFF, 0xFFFF, 0xFFFF, 0xFFFF, 0xFFFF, 0xFFFF, 0xFFFF, 0xFFFF, 0xFFFF, 0xFFFF, 0xFFFF,
    0xFFFF, 0xFFFF, 0xFFFF, 0xFFFF, 0xFFFF, 0xFFFF, 0xEF9E, 0xEF7E, 0xE73D, 0xE73D, 0xE73D, 0xDF3D, 0xDF1D, 0xDF1D, 0xDF1D, 0xDF1D,
    0xD6FD, 0xDF1D, 0xBE7A, 0xDF3D, 0xFFFF, 0xFFFF, 0xFFFF, 0xFFFF, 0xFFFF, 0xFFFF, 0xFFFF, 0xFFFF, 0xFFFF, 0xFFFF, 0xFFFF, 0xFFFF,
    0xFFFF, 0xFFFF, 0xFFFF, 0xFFFF, 0xFFFF, 0xFFFF, 0xFFFF, 0xFFFF, 0xFFFF, 0xFFFF, 0xFFFF, 0xFFFF, 0xFFFF, 0xFFFF, 0xFFFF, 0xFFFF,
    0xFFFF, 0xFFFF, 0xFFFF, 0xFFFF, 0xFFFF, 0xFFFF, 0xFFFF, 0xFFFF, 0xFFFF, 0xFFFF, 0xFFFF, 0xFFFF, 0xFFFF, 0xFFFF, 0xEF9E, 0xEF7E,
    0xE73D, 0xE73D, 0xDF1D, 0xDF1D, 0xDF1D, 0xDF1D, 0xDF1D, 0xDEFC, 0xD6FC, 0xDF1D, 0xC67B, 0xE73D, 0xFFFF, 0xFFFF, 0xFFFF, 0xFFFF,
    0xFFFF, 0xFFFF, 0xFFFF, 0xFFFF, 0xFFFF, 0xFFFF, 0xFFFF, 0xFFFF, 0xFFFF, 0xFFFF, 0xFFFF, 0xFFFF, 0xFFFF, 0xFFFF, 0xFFFF, 0xFFFF,
    0xFFFF, 0xFFFF, 0xFFFF, 0xFFFF, 0xFFFF, 0xFFFF, 0xFFFF, 0xFFFF, 0xFFFF, 0xFFFF, 0xFFFF, 0xFFFF, 0xFFFF, 0xFFFF, 0xFFFF, 0xFFFF,
    0xFFFF, 0xFFFF, 0xFFFF, 0xFFFF, 0xFFFF, 0xFFFF, 0xEF9E, 0xEF7E, 0xE75D, 0xE75E, 0xE73D, 0xDF1D, 0xDF1D, 0xDF1D, 0xDF1D, 0xDF3D,
    0xDF1D, 0xDF3D, 0xC67B, 0xE73D, 0xFFFF, 0xFFFF, 0xFFFF, 0xFFFF, 0xFFFF, 0xFFFF, 0xFFFF, 0xFFFF, 0xFFFF, 0xFFFF, 0xFFFF, 0xFFFF,
    0xFFFF, 0xFFFF, 0xFFFF, 0xFFFF, 0xFFFF, 0xFFFF, 0xFFFF, 0xFFFF, 0xFFFF, 0xFFFF, 0xFFFF, 0xFFFF, 0xFFFF, 0xFFFF, 0xFFFF, 0xFFFF,
    0xFFFF, 0xFFFF, 0xFFFF, 0xFFFF, 0xFFFF, 0xFFFF, 0xFFFF, 0xFFFF, 0xFFFF, 0xFFFF, 0xFFFF, 0xFFFF, 0xFFFF, 0xFFFF, 0xEF9E, 0xEF7E,
    0xD6FC, 0xCE7A, 0xCE9B, 0xD6FD, 0xD6FD, 0xDF1D, 0xCEBC, 0xC65A, 0xCE9B, 0xDF1D, 0xC67B, 0xE73D, 0xFFFF, 0xFFFF, 0xFFFF, 0xFFFF,
    0xFFFF, 0xFFFF, 0xFFFF, 0xFFFF, 0xFFFF, 0xFFFF, 0xFFFF, 0xFFFF, 0xFFFF, 0xFFFF, 0xFFFF, 0xFFFF, 0xFFFF, 0xFFFF, 0xFFFF, 0xFFFF,
    0xFFFF, 0xFFFF, 0xFFFF, 0xFFFF, 0xFFFF, 0xFFFF, 0xFFFF, 0xFFFF, 0xFFFF, 0xFFFF, 0xFFFF, 0xFFFF, 0xFFFF, 0xFFFF, 0xFFFF, 0xFFFF,
    0xFFFF, 0xFFFF, 0xFFFF, 0xFFFF, 0xFFFF, 0xFFFF, 0xEF7E, 0xF7BF, 0x8C93, 0x3A2A, 0x5B0D, 0xD6DC, 0xDF1D, 0xE75E, 0x94D4, 0x3A29,
    0x52ED, 0xD6BB, 0xC69B, 0xDF3D, 0xFFFF, 0xFFFF, 0xFFFF, 0xFFFF, 0xFFFF, 0xFFFF, 0xFFFF, 0xFFFF, 0xFFFF, 0xFFFF, 0xFFFF, 0xFFFF,
    0xFFFF, 0xFFFF, 0xFFFF, 0xFFFF, 0xFFFF, 0xFFFF, 0xFFFF, 0xFFFF, 0xFFFF, 0xFFFF, 0xFFFF, 0xFFFF, 0xFFFF, 0xFFFF, 0xFFFF, 0xFFFF,
    0xFFFF, 0xFFFF, 0xFFFF, 0xFFFF, 0xFFFF, 0xFFFF, 0xFFFF, 0xFFFF, 0xFFFF, 0xFFFF, 0xFFFF, 0xFFFF, 0xFFFF, 0xFFFF, 0xEF7E, 0xF7BF,
    0x94D4, 0x52CC, 0x6BAF, 0xD6DC, 0xDF1D, 0xE75E, 0x94F5, 0x52CC, 0x6B8F, 0xD6DC, 0xC69B, 0xE73D, 0xFFFF, 0xFFFF, 0xFFFF, 0xFFFF,
    0xFFFF, 0xFFFF, 0xFFFF, 0xFFFF, 0xFFFF, 0xFFFF, 0xFFFF, 0xFFFF, 0xFFFF, 0xFFFF, 0xFFFF, 0xFFFF, 0xFFFF, 0xFFFF, 0xFFFF, 0xFFFF,
    0xFFFF, 0xFFFF, 0xFFFF, 0xFFFF, 0xFFFF, 0xFFFF, 0xFFFF, 0xFFFF, 0xFFFF, 0xFFFF, 0xFFFF, 0xFFFF, 0xFFFF, 0xFFFF, 0xFFFF, 0xFFFF,
    0xFFFF, 0xFFFF, 0xFFFF, 0xFFFF, 0xFFFF, 0xFFFF, 0xEF9E, 0xE75E, 0xD6FC, 0xCEBB, 0xCEBC, 0xD6FD, 0xD6FC, 0xD6FC, 0xD6DC, 0xCEBB,
    0xD6DC, 0xDF3D, 0xC67B, 0xE73D, 0xFFFF, 0xFFFF, 0xFFFF, 0xFFFF, 0xFFFF, 0xFFFF, 0xFFFF, 0xFFFF, 0xFFFF, 0xFFFF, 0xFFFF, 0xFFFF,
    0xFFFF, 0xFFFF, 0xFFFF, 0xFFFF, 0xFFFF, 0xFFFF, 0xFFFF, 0xFFFF, 0xFFFF, 0xFFFF, 0xFFFF, 0xFFFF, 0xFFFF, 0xFFFF, 0xFFFF, 0xFFFF,
    0xFFFF, 0xFFFF, 0xFFFF, 0xFFFF, 0xFFFF, 0xFFFF, 0xFFFF, 0xFFFF, 0xFFFF, 0xFFFF, 0xFFFF, 0xFFFF, 0xFFFF, 0xFFFF, 0xEF9E, 0xE75D,
    0xDF1D, 0xDF3D, 0xDF1D, 0xD6FD, 0xD6FC, 0xD6FC, 0xD71D, 0xDF1D, 0xDF1D, 0xDF3D, 0xC67B, 0xE73D, 0xFFFF, 0xFFFF, 0xFFFF, 0xFFFF,
    0xFFFF, 0xFFFF, 0xFFFF, 0xFFFF, 0xFFFF, 0xFFFF, 0xFFFF, 0xFFFF, 0xFFFF, 0xFFFF, 0xFFFF, 0xFFFF, 0xFFFF, 0xFFFF, 0xFFFF, 0xFFFF,
    0xFFFF, 0xFFFF, 0xFFFF, 0xFFFF, 0xFFFF, 0xFFFF, 0xFFFF, 0xFFFF, 0xFFFF, 0xFFFF, 0xFFFF, 0xFFFF, 0xFFFF, 0xFFFF, 0xFFFF, 0xFFFF,
    0xFFFF, 0xFFFF, 0xFFFF, 0xFFFF, 0xFFFF, 0xFFFF, 0xEF7E, 0xDF1D, 0xCEBB, 0xCEBB, 0xCE9B, 0xCEBB, 0xCE9B, 0xCE9B, 0xCEBB, 0xCEBB,
    0xCEDC, 0xD6FC, 0xBE5A, 0xDF3D, 0xFFFF, 0xFFFF, 0xFFFF, 0xFFFF, 0xFFFF, 0xFFFF, 0xFFFF, 0xFFFF, 0xFFFF, 0xFFFF, 0xFFFF, 0xFFFF,
    0xFFFF, 0xFFFF, 0xFFFF, 0xFFFF, 0xFFFF, 0xFFFF, 0xFFFF, 0xFFFF, 0xFFFF, 0xFFFF, 0xFFFF, 0xFFFF, 0xFFFF, 0xFFFF, 0xFFFF, 0xFFFF,
    0xFFFF, 0xFFFF, 0xFFFF, 0xFFFF, 0xFFFF, 0xFFFF, 0xFFFF, 0xFFFF, 0xFFFF, 0xFFFF, 0xFFFF, 0xFFFF, 0xFFFF, 0xFFFF, 0xE73D, 0xD6DC,
    0xCEBB, 0xCEDC, 0xD6DC, 0xD6FC, 0xD6FC, 0xD6DC, 0xD6DC, 0xD6DC, 0xD6DC, 0xD6DC, 0xBE5A, 0xDF3D, 0xFFFF, 0xFFFF, 0xFFFF, 0xFFFF,
    0xFFFF, 0xFFFF, 0xFFFF, 0xFFFF, 0xFFFF, 0xFFFF, 0xFFFF, 0xFFFF, 0xFFFF, 0xFFFF, 0xFFFF, 0xFFFF, 0xFFFF, 0xFFFF, 0xFFFF, 0xFFFF,
    0xFFFF, 0xFFFF, 0xFFFF, 0xFFFF, 0xFFFF, 0xFFFF, 0xFFFF, 0xFFFF, 0xFFFF, 0xFFFF, 0xFFFF, 0xFFFF, 0xFFFF, 0xFFFF, 0xFFFF, 0xFFFF,
    0xFFFF, 0xFFFF, 0xFFDF, 0xF7BF, 0xF79E, 0xEF9E, 0xEF7E, 0xEF9E, 0xEF9E, 0xEF9E, 0xEF9E, 0xEF9E, 0xEF9E, 0xEF7E, 0xEF7E, 0xEF7E,
    0xEF7E, 0xE77E, 0xE75E, 0xE75D, 0xE75D, 0xEF7E, 0xF79E, 0xFFDF, 0xFFFF, 0xFFFF, 0xFFFF, 0xFFFF, 0xFFFF, 0xFFFF, 0xFFFF, 0xFFFF,
    0xFFFF, 0xFFFF, 0xFFFF, 0xFFFF, 0xFFFF, 0xFFFF, 0xFFFF, 0xFFFF, 0xFFFF, 0xFFFF, 0xFFFF, 0xFFFF, 0xFFFF, 0xFFFF, 0xFFFF, 0xFFFF,
    0xFFFF, 0xFFFF, 0xFFFF, 0xFFFF, 0xFFFF, 0xFFFF, 0xFFFF, 0xFFFF, 0xF7BF, 0xEF9E, 0xEF9E, 0xF79E, 0xF7BF, 0xF7BF, 0xF7BF, 0xF7BF,
    0xF7BF, 0xF7BF, 0xF7BF, 0xF7BE, 0xEF9E, 0xEF9E, 0xEF9E, 0xEF7E, 0xEF7E, 0xEF7E, 0xEF7E, 0xE75E, 0xE75E, 0xE73D, 0xDF1D, 0xDF1D,
    0xDF3D, 0xEF9E, 0xFFFF, 0xFFFF, 0xFFFF, 0xFFFF, 0xFFFF, 0xFFFF, 0xFFFF, 0xFFFF, 0xFFFF, 0xFFFF, 0xFFFF, 0xFFFF, 0xFFFF, 0xFFFF,
    0xFFFF, 0xFFFF, 0xFFFF, 0xFFFF, 0xFFFF, 0xFFFF, 0xFFFF, 0xFFFF, 0xFFFF, 0xFFFF, 0xFFFF, 0xFFFF, 0xFFFF, 0xFFFF, 0xF7BE, 0xEF9E,
    0xF79E, 0xF7BF, 0xFFDF, 0xFFDF, 0xFFFF, 0xFFFF, 0xFFDF, 0xFFDF, 0xFFDF, 0xF7DF, 0xF7DF, 0xF7BF, 0xF7BF, 0xF7BE, 0xEF9E, 0xEF9E,
    0xEF7E, 0xEF7E, 0xEF7E, 0xEF7E, 0xEF7E, 0xE75E, 0xE75D, 0xDF3D, 0xD71C, 0xD6FC, 0xD6FC, 0xE75D, 0xFFFF, 0xFFFF, 0xFFFF, 0xFFFF,
    0xFFFF, 0xFFFF, 0xFFFF, 0xFFFF, 0xFFFF, 0xFFFF, 0xFFFF, 0xFFFF, 0xFFFF, 0xFFFF, 0xFFFF, 0xFFFF, 0xFFFF, 0xFFFF, 0xFFFF, 0xFFFF,
    0xFFFF, 0xFFFF, 0xFFFF, 0xFFFF, 0xF7BF, 0xEF9E, 0xF79E, 0xF7DF, 0xFFFF, 0xFFFF, 0xFFFF, 0xFFFF, 0xFFFF, 0xFFFF, 0xFFFF, 0xFFDF,
    0xFFDF, 0xF7DF, 0xF7DF, 0xF7BF, 0xF7BF, 0xF7BF, 0xEF9E, 0xEF9E, 0xEF9E, 0xEF7E, 0xEF7E, 0xEF7E, 0xEF7E, 0xE75D, 0xE75D, 0xDF3D,
    0xDF1D, 0xDF1C, 0xD6FC, 0xCEBC, 0xD6DC, 0xEF9E, 0xFFFF, 0xFFFF, 0xFFFF, 0xFFFF, 0xFFFF, 0xFFFF, 0xFFFF, 0xFFFF, 0xFFFF, 0xFFFF,
    0xFFFF, 0xFFFF, 0xFFFF, 0xFFFF, 0xFFFF, 0xFFFF, 0xFFFF, 0xFFFF, 0xFFFF, 0xFFFF, 0xFFFF, 0xF79E, 0xEF9E, 0xF7BF, 0xFFDF, 0xFFFF,
    0xFFFF, 0xFFFF, 0xFFFF, 0xFFFF, 0xFFFF, 0xFFFF, 0xFFFF, 0xFFFF, 0xFFDF, 0xFFDF, 0xF7DF, 0xF7BF, 0xF7BF, 0xF7BF, 0xF7BF, 0xEF9E,
    0xEF9E, 0xEF9E, 0xEF7E, 0xEF7E, 0xEF7E, 0xE77E, 0xE75D, 0xDF3D, 0xDF1D, 0xD6FC, 0xD6FC, 0xCEDC, 0xCEBB, 0xC69B, 0xE75D, 0xFFFF,
    0xFFFF, 0xFFFF, 0xFFFF, 0xFFFF, 0xFFFF, 0xFFFF, 0xFFFF, 0xFFFF, 0xFFFF, 0xFFFF, 0xFFFF, 0xFFFF, 0xFFFF, 0xFFFF, 0xFFFF, 0xFFFF,
    0xFFFF, 0xFFFF, 0xEF9E, 0xEF9E, 0xF7BF, 0xFFDF, 0xFFFF, 0xFFFF, 0xFFFF, 0xFFFF, 0xFFFF, 0xFFFF, 0xFFFF, 0xFFFF, 0xFFFF, 0xFFFF,
    0xFFFF, 0xFFDF, 0xFFDF, 0xF7DF, 0xF7BF, 0xF7BF, 0xF7BF, 0xF7BE, 0xEF9E, 0xEF9E, 0xEF7E, 0xEF7E, 0xEF7E, 0xE77E, 0xE75E, 0xE73D,
    0xDF1D, 0xD6FC, 0xD6DC, 0xCEBC, 0xCEBB, 0xCE9B, 0xBE7A, 0xDF3D, 0xFFFF, 0xFFFF, 0xFFFF, 0xFFFF, 0xFFFF, 0xFFFF, 0xFFFF, 0xFFFF,
    0xFFFF, 0xFFFF, 0xFFFF, 0xFFFF, 0xFFFF, 0xFFFF, 0xFFFF, 0xFFFF, 0xFFFF, 0xEF9E, 0xEF7E, 0xF7BF, 0xFFDF, 0xFFFF, 0xFFFF, 0xFFFF,
    0xFFFF, 0xFFFF, 0xFFFF, 0xFFFF, 0xFFFF, 0xFFFF, 0xFFFF, 0xFFFF, 0xFFDF, 0xFFDF, 0xF7DF, 0xF7BF, 0xF7BF, 0xF7BF, 0xF79E, 0xEF9E,
    0xEF9E, 0xEF7E, 0xEF7E, 0xEF7E, 0xEF5E, 0xE75E, 0xE75D, 0xDF3D, 0xDF1D, 0xD6FC, 0xD6FC, 0xCEBC, 0xCE9B, 0xC69B, 0xC69B, 0xBE5A,
    0xE73D, 0xFFFF, 0xFFFF, 0xFFFF, 0xFFFF, 0xFFFF, 0xFFFF, 0xFFFF, 0xFFFF, 0xFFFF, 0xFFFF, 0xFFFF, 0xFFFF, 0xFFFF, 0xFFFF, 0xFFFF,
    0xF7BE, 0xEF7E, 0xF7BF, 0xF7DF, 0xFFDF, 0xFFFF, 0xFFFF, 0xFFFF, 0xFFFF, 0xFFFF, 0xFFFF, 0xFFFF, 0xFFFF, 0xFFFF, 0xFFFF, 0xFFDF,
    0xFFDF, 0xF7DF, 0xF7BF, 0xF7BF, 0xF7BE, 0xEF9E, 0xEF9E, 0xEF9E, 0xEF7E, 0xEF7E, 0xEF7E, 0xEF7E, 0xEF5E, 0xE75D, 0xE75D, 0xDF3D,
    0xDF1D, 0xD6FC, 0xD6FC, 0xCEBC, 0xCE9B, 0xC69B, 0xC69B, 0xC67B, 0xBE3A, 0xEF9E, 0xFFFF, 0xFFFF, 0xFFFF, 0xFFFF, 0xFFFF, 0xFFFF,
    0xFFFF, 0xFFFF, 0xFFFF, 0xFFFF, 0xFFFF, 0xFFFF, 0xFFFF, 0xFFDF, 0xE75E, 0xEF9E, 0xF7BF, 0xFFDF, 0xFFDF, 0xFFFF, 0xFFFF, 0xFFFF,
    0xFFFF, 0xFFFF, 0xFFFF, 0xFFFF, 0xFFFF, 0xFFFF, 0xFFDF, 0xFFDF, 0xF7DF, 0xF7BF, 0xF7BF, 0xF79E, 0xEF9E, 0xEF9E, 0xEF9E, 0xEF7E,
    0xEF7E, 0xEF7E, 0xEF5E, 0xE75D, 0xE75D, 0xE75D, 0xE73D, 0xDF3D, 0xDF1C, 0xD6FC, 0xD6DC, 0xCEBC, 0xCEBB, 0xC69B, 0xC67B, 0xC67B,
    0xBE3A, 0xC67A, 0xFFFF, 0xFFFF, 0xFFFF, 0xFFFF, 0xFFFF, 0xFFFF, 0xFFFF, 0xFFFF, 0xFFFF, 0xFFFF, 0xFFFF, 0xFFFF, 0xFFFF, 0xEF7E,
    0xEF7E, 0xF7BE, 0xF7BF, 0xF7DF, 0xFFDF, 0xFFDF, 0xFFFF, 0xFFFF, 0xFFFF, 0xFFFF, 0xFFFF, 0xFFFF, 0xFFFF, 0xFFDF, 0xFFDF, 0xF7DF,
    0xF7BF, 0xF7BF, 0xF79E, 0xEF9E, 0xEF9E, 0xEF7E, 0xEF7E, 0xEF7E, 0xEF7E, 0xEF5E, 0xE75D, 0xE75D, 0xE75D, 0xE75D, 0xE73D, 0xDF1D,
    0xD6FC, 0xD6FC, 0xD6DC, 0xCEBC, 0xCEBB, 0xC69B, 0xC67A, 0xBE5A, 0xBE5A, 0xB619, 0xDF3D, 0xFFFF, 0xFFFF, 0xFFFF, 0xFFFF, 0xFFFF,
    0xFFFF, 0xFFFF, 0xFFFF, 0xFFFF, 0xFFFF, 0xFFFF, 0xFFDF, 0xE75E, 0xEF9E, 0xF7BE, 0xF7BF, 0xF7DF, 0xFFDF, 0xFFDF, 0xFFDF, 0xFFDF,
    0xFFFF, 0xFFFF, 0xFFFF, 0xFFFF, 0xFFDF, 0xFFDF, 0xF7DF, 0xF7BF, 0xF7BF, 0xF79E, 0xEF9E, 0xEF9E, 0xEF7E, 0xEF7E, 0xEF7E, 0xEF5E,
    0xE75E, 0xE75D, 0xE75D, 0xE75D, 0xE75D, 0xE73D, 0xDF1D, 0xDF1D, 0xDF1D, 0xD6FC, 0xD6FC, 0xCEDC, 0xCE9B, 0xC67B, 0xBE7A, 0xBE5A,
    0xBE5A, 0xB63A, 0xBE5A, 0xFFFF, 0xFFFF, 0xFFFF, 0xFFFF, 0xFFFF, 0xFFFF, 0xFFFF, 0xFFFF, 0xFFFF, 0xFFFF, 0xFFFF, 0xEF9E, 0xEF7E,
    0xEF9E, 0xF7BE, 0xF7BF, 0xF7DF, 0xFFDF, 0xFFDF, 0xFFDF, 0xFFDF, 0xFFDF, 0xFFDF, 0xFFDF, 0xFFDF, 0xFFDF, 0xF7DF, 0xF7BF, 0xF7BF,
    0xF7BF, 0xEF9E, 0xEF9E, 0xEF9E, 0xEF7E, 0xEF7E, 0xEF5E, 0xE75D, 0xE75D, 0xE75D, 0xE75D, 0xE73D, 0xE73D, 0xDF3D, 0xDF3D, 0xC67A,
    0xC67A, 0xCEBB, 0xBE5A, 0xD6DC, 0xCE9B, 0xC67B, 0xBE7A, 0xBE5A, 0xBE3A, 0xBE3A, 0xB619, 0xEF7E, 0xFFFF, 0xFFFF, 0xFFFF, 0xFFFF,
    0xFFFF, 0xFFFF, 0xFFFF, 0xFFFF, 0xFFFF, 0xFFFF, 0xE75E, 0xEF7E, 0xEF9E, 0xF7BF, 0xF7BF, 0xF7BF, 0xF7DF, 0xFFDF, 0xFFDF, 0xFFDF,
    0xFFDF, 0xFFDF, 0xFFDF, 0xFFDF, 0xF7DF, 0xF7BF, 0xF7BF, 0xF7BF, 0xF79E, 0xEF9E, 0xEF9E, 0xEF7E, 0xEF7E, 0xEF7E, 0xE75D, 0xE75D,
    0xE75D, 0xE75D, 0xE73D, 0xE73D, 0xDF3D, 0xDF3D, 0xD6DC, 0xBE39, 0xD6DC, 0xD6FC, 0xC65A, 0xC67A, 0xCEBC, 0xC67B, 0xBE5A, 0xBE3A,
    0xBE3A, 0xBE3A, 0xB619, 0xD6DC, 0xFFFF, 0xFFFF, 0xFFFF, 0xFFFF, 0xFFFF, 0xFFFF, 0xFFFF, 0xFFFF, 0xFFFF, 0xF7DF, 0xE75D, 0xEF7E,
    0xEF9E, 0xF79F, 0xF7BF, 0xF7BF, 0xF7DF, 0xF7DF, 0xF7DF, 0xF7DF, 0xFFDF, 0xFFDF, 0xF7DF, 0xF7DF, 0xF7BF, 0xF7BF, 0xF7BF, 0xEF9E,
    0xEF9E, 0xEF7E, 0xEF7E, 0xEF7E, 0xEF7E, 0xE75D, 0xE75D, 0xE75D, 0xE73D, 0xE73D, 0xDF3D, 0xDF3D, 0xDF1D, 0xDF1D, 0xD6FC, 0xBE3A,
    0xDF1D, 0xDF1D, 0xBE5A, 0xC67B, 0xC67B, 0xC67A, 0xBE5A, 0xBE3A, 0xBE3A, 0xBE3A, 0xB61A, 0xBE5A, 0xFFFF, 0xFFFF, 0xFFFF, 0xFFFF,
    0xFFFF, 0xFFFF, 0xFFFF, 0xFFFF, 0xFFFF, 0xF7BE, 0xE75D, 0xEF7E, 0xEF9E, 0xF79E, 0xF7BF, 0xF7BF, 0xF7BF, 0xF7DF, 0xF7DF, 0xF7DF,
    0xF7DF, 0xF7DF, 0xF7DF, 0xF7DF, 0xF7BF, 0xF7BF, 0xF7BE, 0xEF9E, 0xEF9E, 0xEF9E, 0xEF7E, 0xEF7E, 0xEF7E, 0xE75D, 0xE75D, 0xE75D,
    0xE73D, 0xDF3D, 0xDF1D, 0xDF1D, 0xDF1C, 0xD6FC, 0xDF1D, 0x8D78, 0xA61A, 0xC69B, 0x7D38, 0xB63A, 0x9D57, 0xB5F9, 0xBE5A, 0xBE3A,
    0xBE3A, 0xBE3A, 0xB63A, 0xB619, 0xF7BE, 0xFFFF, 0xFFFF, 0xFFFF, 0xFFFF, 0xFFFF, 0xFFFF, 0xFFFF, 0xFFFF, 0xEF9E, 0xE75E, 0xEF7E,
    0xEF9E, 0xF79E, 0xF7BF, 0xF7BF, 0xF7DF, 0xF7BF, 0xF7BF, 0xF7BF, 0xF7BF, 0xF7BF, 0xF7BF, 0xF7BF, 0xF7BF, 0xF7BF, 0xF7BE, 0xEF9E,
    0xEF9E, 0xEF7E, 0xEF7E, 0xEF7E, 0xE77E, 0xE75D, 0xE75D, 0xE73D, 0xE73D, 0xDF3D, 0xDF1D, 0xDF1D, 0xDF1C, 0xDEFC, 0xDEFC, 0xCEDC,
    0x7D58, 0x6CD7, 0xB63B, 0xBE3A, 0x9D57, 0xB5F9, 0xBE5A, 0xBE3A, 0xB63A, 0xB61A, 0xB61A, 0xADF9, 0xE77E, 0xFFFF, 0xFFFF, 0xFFFF,
    0xFFFF, 0xFFFF, 0xFFFF, 0xFFFF, 0xFFFF, 0xEF7E, 0xE75E, 0xEF7E, 0xEF9E, 0xF7BE, 0xF7BF, 0xF7BF, 0xF7DF, 0xF7DF, 0xF7DF, 0xF7BF,
    0xF7BF, 0xF7DF, 0xF7DF, 0xF7BF, 0xF7BF, 0xF7BF, 0xF79F, 0xEF9E, 0xEF9E, 0xEF7E, 0xEF7E, 0xEF7E, 0xE75E, 0xE75D, 0xE75D, 0xE73D,
    0xE73D, 0xDF1D, 0xDF1D, 0xDF1C, 0xDF1C, 0xD6FC, 0xD6FC, 0xDF1C, 0xC69B, 0xA5D9, 0xD6DC, 0xC67B, 0xADD8, 0xBE7A, 0xBE5A, 0xBE3A,
    0xB63A, 0xB619, 0xB61A, 0xADF9, 0xDF1D, 0xFFFF, 0xFFFF, 0xFFFF, 0xFFFF, 0xFFFF, 0xFFFF, 0xFFFF, 0xFFFF, 0xE75E, 0xE77E, 0xEF7E,
    0xEF9E, 0xF7BF, 0xF7BF, 0xF7BF, 0xF7DF, 0xF7DF, 0xF7BF, 0xF7BF, 0xF7BF, 0xF7BF, 0xF7BE, 0xF79E, 0xEF9E, 0xEF9E, 0xEF7E, 0xEF7E,
    0xE75E, 0xE75D, 0xE75D, 0xE73D, 0xE73D, 0xDF3D, 0xDF3D, 0xDF1D, 0xDF1C, 0xDF1C, 0xDF1C, 0xD6FC, 0xD6FC, 0xD6FC, 0xD6FC, 0xCEDC,
    0xCEBB, 0xB619, 0xADF8, 0xADD8, 0xB5F9, 0xC67A, 0xBE5A, 0xBE3A, 0xB63A, 0xB619, 0xB619, 0xADF9, 0xD6FC, 0xFFFF, 0xFFFF, 0xFFFF,
    0xFFFF, 0xFFFF, 0xFFFF, 0xFFFF, 0xFFFF, 0xE75D, 0xE75D, 0xEF7E, 0xEF9E, 0xEF9E, 0xEF9E, 0xEF7E, 0xEF7E, 0xE77E, 0xE75D, 0xE73D,
    0xE73D, 0xDF3D, 0xDF1C, 0xDF1C, 0xDEFC, 0xD6FC, 0xD6FC, 0xD6DC, 0xCEDC, 0xCEBB, 0xCEBB, 0xCEBB, 0xCEBB, 0xCE9B, 0xCE9B, 0xCE9B,
    0xCE9B, 0xCE9B, 0xCE9B, 0xCE9B, 0xCE9B, 0xCE9B, 0xC69B, 0xC67A, 0xC67A, 0xC67A, 0xB619, 0xB619, 0xBE5A, 0xBE5A, 0xBE3A, 0xBE3A,
    0xB63A, 0xB619, 0xB619, 0xADF9, 0xD6FC, 0xFFFF, 0xFFFF, 0xFFFF, 0xFFFF, 0xFFFF, 0xFFFF, 0xFFFF, 0xFFFF, 0xE73D, 0xDF3D, 0xE73D,
    0xDF3D, 0xDF1C, 0xD6FC, 0xD6DC, 0xCEBB, 0xCEBB, 0xC6BB, 0xC69B, 0xC69B, 0xBE7B, 0xBE7B, 0xBE5B, 0xB65A, 0xB65A, 0xB63A, 0xB63A,
    0xB61A, 0xAE19, 0xADF9, 0xADF9, 0xADF9, 0xADF9, 0xADF9, 0xADF9, 0xADF9, 0xAE19, 0xB61A, 0xB63A, 0xB63A, 0xB63A, 0xB63A, 0xB63A,
    0xB63A, 0xB63A, 0xB63A, 0xB63A, 0xB619, 0xB619, 0xB619, 0xB619, 0xB619, 0xB619, 0xB619, 0xADF9, 0xD6FC, 0xFFFF, 0xFFFF, 0xFFFF,
    0xFFFF, 0xFFFF, 0xFFFF, 0xFFFF, 0xFFFF, 0xE75D, 0xCEBB, 0xCEBC, 0xCE9B, 0xC69B, 0xBE7B, 0xB63A, 0xADF9, 0xADB7, 0xA576, 0xA535,
    0xA4F4, 0xA4D2, 0x9C91, 0x9C50, 0x9C2F, 0x940E, 0x93CD, 0x93CD, 0x93AC, 0x938C, 0x936B, 0x936B, 0x8B4A, 0x8B4A, 0x8B4A, 0x8B2A,
    0x8B4B, 0x8B6B, 0x8B6B, 0x8B8C, 0x8BAD, 0x8BCD, 0x93CE, 0x940F, 0x9450, 0x9492, 0x94D4, 0x9D15, 0x9D57, 0xA598, 0xA5D9, 0xA5F9,
    0xADD9, 0xADF9, 0xADF9, 0xADF9, 0xEF9E, 0xFFFF, 0xFFFF, 0xFFFF, 0xFFFF, 0xFFFF, 0xFFFF, 0xFFFF, 0xFFFF, 0xFFDF, 0xCEBB, 0xB619,
    0xADD8, 0xA514, 0x9C2F, 0x93AC, 0x936A, 0x9329, 0x9328, 0x9B28, 0xA348, 0xAB89, 0xAB89, 0xAB89, 0xAB89, 0xA368, 0xA347, 0xA348,
    0xA347, 0xA327, 0xA327, 0xA327, 0x9B06, 0x9AE6, 0x9AC6, 0x9285, 0x92A5, 0x9285, 0x8A44, 0x8A64, 0x8A44, 0x8A23, 0x81E3, 0x81E3,
    0x79C2, 0x79A2, 0x79C3, 0x71E4, 0x7225, 0x7A88, 0x832B, 0x8BCF, 0x94D4, 0x9D77, 0xA5B8, 0xD6DB, 0xFFFF, 0xFFFF, 0xFFFF, 0xFFFF,
    0xFFFF, 0xFFFF, 0xFFFF, 0xFFFF, 0xFFFF, 0xFFFF, 0xFFDF, 0xDF1D, 0xACD2, 0x92A6, 0x9AE6, 0xA327, 0xAB89, 0xB3EA, 0xBC2B, 0xBC4B,
    0xC48D, 0xCCEF, 0xCCEF, 0xCCEE, 0xC4CE, 0xC4CD, 0xBC6C, 0xC46C, 0xBC4B, 0xBC2B, 0xBC2A, 0xBC2A, 0xBC0A, 0xB3C9, 0xB3C9, 0xAB68,
    0xAB88, 0xAB68, 0xA307, 0xA307, 0x9B07, 0x9AE6, 0x92A5, 0x9285, 0x8A64, 0x8A24, 0x8223, 0x81E3, 0x79C3, 0x79C3, 0x79C2, 0x79C3,
    0x7A24, 0xB576, 0xE73D, 0xFFFF, 0xFFFF, 0xFFFF, 0xFFFF, 0xFFFF, 0xFFFF, 0xFFFF, 0xFFFF, 0xFFFF, 0xFFFF, 0xFFFF, 0xFFFF, 0xFFFF,
    0xCD52, 0xAB88, 0xB40A, 0xBC6C, 0xCCCD, 0xCD2F, 0xD52F, 0xD54F, 0xDD90, 0xE5F2, 0xE5D2, 0xDDD1, 0xDD90, 0xDD6F, 0xD50E, 0xD4ED,
    0xCCCC, 0xCCAC, 0xCCAC, 0xCC8B, 0xCC8B, 0xC42A, 0xC42A, 0xBBE9, 0xB3C9, 0xB3A8, 0xAB47, 0xAB67, 0xAB47, 0xA327, 0xA2E6, 0x9AC6,
    0x9AA5, 0x8A64, 0x8A64, 0x8A65, 0x8245, 0x8A65, 0x8A85, 0x8AA6, 0x8A64, 0xDE77, 0xFFFF, 0xFFFF, 0xFFFF, 0xFFFF, 0xFFFF, 0xFFFF,
    0xFFFF, 0xFFFF, 0xFFFF, 0xFFFF, 0xFFFF, 0xFFFF, 0xFFFF, 0xFFFF, 0xC4EF, 0xBC2A, 0xCCAC, 0xD4ED, 0xD52E, 0xDD90, 0xDD90, 0xDDB0,
    0xE5F2, 0xE633, 0xE612, 0xE5F2, 0xE5D0, 0xDD8F, 0xD52E, 0xD50E, 0xD4ED, 0xCCCC, 0xCCAC, 0xCCAB, 0xCC8B, 0xC44A, 0xC42A, 0xBC09,
    0xBBC9, 0xBBC9, 0xAB67, 0xAB47, 0xAB47, 0xAB27, 0xA2E6, 0xA2E6, 0x9AC6, 0x9285, 0x92A5, 0x92A6, 0x8AA6, 0x8AC7, 0x8AC7, 0x9308,
    0x92C6, 0xCDD4, 0xFFFF, 0xFFFF, 0xFFFF, 0xFFFF, 0xFFFF, 0xFFFF, 0xFFFF, 0xFFFF, 0xFFFF, 0xFFFF, 0xFFFF, 0xFFFF, 0xFFFF, 0xFFFF,
    0xC4AD, 0xC44A, 0xCCAC, 0xD4ED, 0xD54F, 0xDD70, 0xDD8F, 0xE5B0, 0xE612, 0xE633, 0xE613, 0xEE33, 0xDDB0, 0xE5D0, 0xDD4E, 0xD52E,
    0xD4ED, 0xCCEC, 0xCCAC, 0xCC8B, 0xCC8B, 0xC44A, 0xBC0A, 0xC409, 0xBBC9, 0xBBC9, 0xB367, 0xAB67, 0xA327, 0xA327, 0xA306, 0x9AC6,
    0x9AE6, 0x92C6, 0x92E7, 0x9307, 0x8B28, 0x9349, 0x9369, 0x9B8A, 0x9349, 0xBD73, 0xFFFF, 0xF7FF, 0xF7FF, 0xFFFF, 0xFFFF, 0xFFFF,
    0xFFFF, 0xFFFF, 0xFFFF, 0xFFFF, 0xFFFF, 0xFFFF, 0xFFFF, 0xFFBE, 0xC46B, 0xC42A, 0xCCAC, 0xD4ED, 0xDD4F, 0xDD70, 0xDD8F, 0xE5D1,
    0xE612, 0xE633, 0xEE53, 0xBCAE, 0x7A86, 0x7A86, 0xD50E, 0xDD4E, 0xD50D, 0xD4ED, 0xCCAC, 0xCC8B, 0xCC8B, 0xC44A, 0xBC09, 0xC409,
    0xBBE9, 0xBBE9, 0xB3A8, 0x9B07, 0x7A66, 0x61A3, 0x8A85, 0x9AE6, 0x9B07, 0x92E7, 0x9328, 0x938A, 0x8B8A, 0x8BCB, 0x93EC, 0x9C0C,
    0x93EC, 0xB553, 0xEFFF, 0xEFDF, 0xEFFF, 0xF7FF, 0xF7FF, 0xF7FF, 0xFFFF, 0xFFFF, 0xFFFF, 0xFFFF, 0xFFFF, 0xFFFF, 0xFFFF, 0xF77C,
    0xBC2A, 0xC42A, 0xCCAC, 0xD4ED, 0xD54F, 0xDD70, 0xDD90, 0xE5D1, 0xE612, 0xEE33, 0xD591, 0x7A66, 0x7266, 0x40A0, 0x9B89, 0xE58F,
    0xD50D, 0xD50D, 0xCCAC, 0xCC6B, 0xCC8B, 0xC44A, 0xBC09, 0xBC09, 0xBBE9, 0xBBC9, 0xBBA8, 0x7A45, 0x7A87, 0x4902, 0x5983, 0x9B07,
    0x9B28, 0x9349, 0x8B8A, 0x8C2E, 0x8D34, 0x9D96, 0x8D14, 0x8CD2, 0x8C70, 0xA573, 0xE7FF, 0xDFFF, 0xE7FF, 0xE7DF, 0xEFDF, 0xEFFF,
    0xFFFF, 0xFFFF, 0xFFFF, 0xFFFF, 0xFFFF, 0xFFFF, 0xFFFF, 0xF75B, 0xBC0A, 0xC44A, 0xCCAC, 0xD4ED, 0xD54F, 0xDD6F, 0xDD90, 0xE5D1,
    0xE612, 0xEE32, 0xE5D1, 0x61C3, 0x40C1, 0x4923, 0xABEB, 0xDD8F, 0xD50E, 0xD4ED, 0xCCAC, 0xCC8B, 0xCC8B, 0xC46B, 0xBC0A, 0xBC09,
    0xBBE9, 0xB3A8, 0xBBC9, 0x7A24, 0x4901, 0x4923, 0x69E5, 0x9B08, 0x9B69, 0x93AB, 0x8BEC, 0x95B8, 0xE7BF, 0xF7DF, 0xDF9F, 0xC71D,
    0xAE7B, 0x9E19, 0xAF1D, 0xB75E, 0xC7BF, 0xD7FF, 0xDFFF, 0xDFDF, 0xFFFF, 0xFFFF, 0xFFFF, 0xFFFF, 0xFFFF, 0xFFFF, 0xFFFF, 0xF71B,
    0xBC0A, 0xC44B, 0xCCAC, 0xD4ED, 0xD54F, 0xDD6F, 0xDD90, 0xE5D1, 0xE612, 0xE612, 0xEE33, 0xC4CE, 0x7AA7, 0x9BAA, 0xDD6F, 0xD54E,
    0xD50D, 0xDD2D, 0xCCAC, 0xCC8B, 0xCC8B, 0xCC6B, 0xBC0A, 0xBC09, 0xC409, 0xB3A8, 0xB3A8, 0xAB47, 0x7A24, 0x7225, 0x92E7, 0x9B48,
    0x9B8A, 0x93EC, 0x7C70, 0xBEFD, 0xD77E, 0xDF9E, 0xF7DF, 0xFFFF, 0xEF9E, 0xDF5E, 0xCF1D, 0xB6BD, 0x9E7C, 0x969C, 0xAF3E, 0xD7FF,
    0xFFFF, 0xFFFF, 0xFFFF, 0xFFFF, 0xFFFF, 0xFFFF, 0xFFFF, 0xEF1A, 0xBC0A, 0xC44B, 0xCCAC, 0xD4ED, 0xD52F, 0xDD4F, 0xDD8F, 0xDDB0,
    0xE612, 0xE612, 0xE612, 0xE5F1, 0xE5F1, 0xE5B0, 0xDD6F, 0xD52D, 0xCCAC, 0xABC9, 0xD4ED, 0xCC8B, 0xCC8B, 0xC44A, 0xC42A, 0xBBE9,
    0x9B27, 0xB3A8, 0xAB88, 0xAB47, 0xB388, 0xAB68, 0xA368, 0x9B69, 0x9BCB, 0x942D, 0x8535, 0xBF3E, 0x767D, 0x7EBE, 0x8EFE, 0xAF3E,
    0xC75E, 0xDF5E, 0xEF9E, 0xFFDF, 0xEF9F, 0xDF5E, 0x9E5C, 0x969C, 0xFFFF, 0xFFFF, 0xFFFF, 0xFFFF, 0xFFFF, 0xFFFF, 0xFFFF, 0xF71A,
    0xBC2A, 0xC46B, 0xCCCC, 0xD4ED, 0xD52E, 0xDD4F, 0xDD6F, 0xDDB0, 0xE5F2, 0xE5F2, 0xE612, 0xE5D1, 0xDDB0, 0xDD4E, 0xD52E, 0xD50D,
    0xC48C, 0x4921, 0x9307, 0xD4CC, 0xD4EC, 0xD4AC, 0xC42A, 0x69C3, 0x6A04, 0xBBC9, 0xAB88, 0xAB47, 0xAB47, 0xA368, 0xA369, 0x9BAA,
    0x9C0C, 0x8C8F, 0x95F9, 0xAF3F, 0x667D, 0x6EBE, 0x6EBE, 0x66BE, 0x6EDE, 0x7F1E, 0x973E, 0xA75E, 0xC77E, 0xDFBF, 0xDF7E, 0x6D5A,
    0xFFFF, 0xFFFF, 0xFFFF, 0xFFFF, 0xFFFF, 0xFFFF, 0xFFFF, 0xDEFB, 0xB42B, 0xCC6A, 0xCCAC, 0xCCED, 0xD50E, 0xDD4F, 0xDD6F, 0xDD90,
    0xE5F2, 0xE5F1, 0xE5F2, 0xE5D0, 0xDD90, 0xDD4E, 0xDD2E, 0xD4ED, 0xD50D, 0xB40A, 0x5962, 0x69E3, 0x8AA6, 0x8265, 0x6182, 0x7204,
    0xBC0A, 0xB3A8, 0xAB88, 0xAB47, 0xA348, 0xA368, 0xA389, 0x9BCB, 0x9C4E, 0x84D1, 0xAEBC, 0x96DE, 0x665E, 0x6E9E, 0x6EBE, 0x6EDE,
    0x6EDE, 0x66FE, 0x66DE, 0x66FE, 0x46DE, 0x2EBD, 0xAF1E, 0x6D5A, 0xFFFF, 0xFFFF, 0xFFFF, 0xFFFF, 0xFFFF, 0xFFFF, 0xEFBF, 0x657A,
    0x5C75, 0xA46F, 0xCCAC, 0xD4CC, 0xCCED, 0xDD4F, 0xDD4E, 0xDD90, 0xE5D1, 0xDDD1, 0xE5D1, 0xE5D0, 0xDD8F, 0xD52E, 0xD52E, 0xD50D,
    0xCCEC, 0xDD2D, 0xCCAC, 0x9B27, 0x8265, 0x8285, 0xA368, 0xC46B, 0xC409, 0xB388, 0xB388, 0xAB47, 0xA348, 0xA369, 0x9BAA, 0x9BEC,
    0x948F, 0x8D55, 0xBF1E, 0x767E, 0x665E, 0x669E, 0x669E, 0x66DE, 0x66DE, 0x66FE, 0x6F1E, 0x56FF, 0x16BE, 0x3EDE, 0xA6BD, 0x54B8,
    0xFFFF, 0xFFFF, 0xFFFF, 0xFFFF, 0xFFFF, 0xF7DF, 0x75DB, 0x451A, 0x44B9, 0x44D9, 0x74D4, 0xB48E, 0xD4AC, 0xDD4E, 0xD52E, 0xDD6F,
    0xDDB0, 0xDDB0, 0xDDB0, 0xDDB0, 0xDD8F, 0xD50E, 0xD52E, 0xD4ED, 0xD4ED, 0xD4ED, 0xD4CC, 0xCCAC, 0xD4AC, 0xCCAC, 0xC44A, 0xC42A,
    0xBBE9, 0xB388, 0xB388, 0xA347, 0xA348, 0xA389, 0x9BCB, 0x942D, 0x8CB0, 0x95F8, 0xBF3E, 0x661D, 0x665E, 0x5E7E, 0x5E9E, 0x569E,
    0x5EDE, 0x66FE, 0x4EDE, 0x26BE, 0x169E, 0x771E, 0x961B, 0x54F8, 0xFFFF, 0xFFFF, 0xFFFF, 0xFFFF, 0xFFFF, 0x75FB, 0x455B, 0x553A,
    0x4498, 0x44D9, 0x451A, 0x4D18, 0x84D3, 0xC4EE, 0xDD0D, 0xDD4F, 0xDD90, 0xDD8F, 0xDD6F, 0xDD8F, 0xDD6F, 0xD50D, 0xD50D, 0xD4ED,
    0xCCCC, 0xD4CC, 0xCCAB, 0xC44B, 0xC42A, 0xC42A, 0xBBE9, 0xBC0A, 0xBBE9, 0xB387, 0xB388, 0xAB47, 0xA368, 0xA389, 0x9BEB, 0x944E,
    0x84D2, 0xAE9B, 0xA6DE, 0x5DFE, 0x663E, 0x665E, 0x5E7E, 0x7EDE, 0x5EBE, 0x46BF, 0x269E, 0x1E9F, 0x1E7E, 0xA73E, 0x7D59, 0x7DDA,
    0xFFFF, 0xFFFF, 0xFFFF, 0xFFFF, 0x9E7C, 0x3D1A, 0x555A, 0x44D9, 0x3C58, 0x4498, 0x4D19, 0x4D5A, 0x4D7B, 0x5D59, 0x8CF3, 0xC4EE,
    0xDD2E, 0xDD6F, 0xDD6F, 0xDD6F, 0xDD6F, 0xD50D, 0xD4ED, 0xD4ED, 0xCCCC, 0xCCAC, 0xCC8B, 0xC44B, 0xC44A, 0xC42A, 0xBBE9, 0xBC0A,
    0xBBC8, 0xAB87, 0xB388, 0xAB47, 0xA368, 0x9BAA, 0x9C0C, 0x948F, 0x8514, 0xC6FD, 0x865E, 0x4DBE, 0x6E3E, 0xAF3E, 0x665D, 0x9F3E,
    0x467E, 0x265E, 0x1E7E, 0x1E5E, 0x367E, 0xB6FD, 0x5CD9, 0xA6FD, 0xFFFF, 0xFFFF, 0xFFFF, 0xE79E, 0x4519, 0x4D3A, 0x44B8, 0x3C57,
    0x3C37, 0x3C78, 0x3CB9, 0x451A, 0x557A, 0x559B, 0x4D9B, 0x6558, 0x9513, 0xC4EE, 0xDD0D, 0xDD4E, 0xD54E, 0xD4ED, 0xCCCC, 0xCCCC,
    0xCCAC, 0xCC8B, 0xC46B, 0xC44B, 0xC42A, 0xC42A, 0xBBE9, 0xBC09, 0xB3A8, 0xAB67, 0xAB88, 0xA347, 0xA389, 0x9BCA, 0x9C2D, 0x8CAF,
    0x8576, 0xC71E, 0x5D9D, 0x763E, 0x765E, 0x5E1E, 0x563E, 0x361E, 0x2E1E, 0x3E5E, 0x1E3E, 0x161E, 0x66BE, 0xA65C, 0x6CB6, 0xCFBE,
    0xFFFF, 0xFFFF, 0xFFFF, 0xFFFF, 0x759A, 0x3C99, 0x4457, 0x33F6, 0x3C37, 0x3C78, 0x3CB9, 0x3CD9, 0x4519, 0x4D5A, 0x557A, 0x559B,
    0x4D9B, 0x5D59, 0x8D14, 0xBCEF, 0xD4ED, 0xD4AC, 0xCCAC, 0xCCCC, 0xCC8B, 0xC46B, 0xC44A, 0xC44A, 0xBC0A, 0xBC0A, 0xBBC9, 0xBBE9,
    0xB388, 0xAB68, 0xAB88, 0xAB68, 0xAB68, 0x9BCB, 0x84B1, 0x5557, 0x8E1A, 0xAE9E, 0x453D, 0x863D, 0x7E5E, 0x4DDE, 0x45FE, 0x2DDE,
    0x25DE, 0x25DE, 0x25FE, 0x15BD, 0x86BE, 0x8559, 0x9BEC, 0xC4CF, 0xFFFF, 0xFFFF, 0xFFFF, 0xFFFF, 0xB4AF, 0x53D2, 0x3417, 0x33B6,
    0x3C37, 0x3C98, 0x44B9, 0x44F9, 0x4519, 0x4519, 0x4539, 0x4D5A, 0x557A, 0x559B, 0x4D9B, 0x5D79, 0x8535, 0xACAF, 0xC44A, 0xCC6A,
    0xCC6B, 0xC46B, 0xC42A, 0xC44A, 0xBC0A, 0xBBE9, 0xB3C9, 0xB3E9, 0xAB88, 0xAB47, 0xAB26, 0xA389, 0x842F, 0x64F6, 0x4559, 0x3D59,
    0xA65C, 0x7DDD, 0x451D, 0x5D7D, 0x6E1D, 0x459E, 0x357D, 0x2D9E, 0x2DBE, 0x461E, 0x259D, 0x259D, 0x9E5B, 0x6C33, 0x9BCC, 0xC3E9,
    0xFFFF, 0xFFFF, 0xFFFF, 0xEEFA, 0xBBE9, 0x9B69, 0x5350, 0x2334, 0x2BB6, 0x3C98, 0x3C99, 0x44F9, 0x4519, 0x4D3A, 0x453A, 0x4519,
    0x4519, 0x4D3A, 0x557A, 0x559B, 0x4D9B, 0x559A, 0x7536, 0x9CB0, 0xBC4B, 0xC429, 0xC409, 0xC44A, 0xBC0A, 0xBBE9, 0xBBE9, 0xBBC8,
    0xAB47, 0x9369, 0x7410, 0x5495, 0x44D9, 0x44F9, 0x4559, 0x5579, 0xB69D, 0x54FD, 0x44DD, 0x659D, 0x863D, 0x3D3D, 0x3D7D, 0x3D9E,
    0x45BE, 0x2D7D, 0x251C, 0x54B5, 0xB46D, 0xBC2A, 0xC42A, 0xBC0A, 0xFFFF, 0xFFFF, 0xFFFF, 0xDDF4, 0xBC2A, 0xB3A9, 0x9265, 0x83AE,
    0x64F9, 0x3437, 0x4499, 0x44D9, 0x451A, 0x4D1A, 0x453A, 0x4D3A, 0x453A, 0x4519, 0x4519, 0x4D3A, 0x557A, 0x559A, 0x559B, 0x557B,
    0x6D58, 0x8CD2, 0xA40C, 0xBBC9, 0xBBA7, 0xBB87, 0xABC9, 0x942E, 0x7493, 0x4CB7, 0x3C98, 0x3C98, 0x44B8, 0x44F8, 0x3D59, 0x75DA,
    0xB67D, 0x3C7C, 0x4CDD, 0x44DD, 0x247C, 0x65BD, 0x6DFD, 0x455D, 0x5DDE, 0x2D1C, 0x4477, 0xB42C, 0xCC8B, 0xCCAC, 0xC46A, 0xBC0A,
    0xFFFF, 0xFFFF, 0xFFFF, 0xD550, 0xC44A, 0xB3A9, 0x8A65, 0xE636, 0xD77E, 0x33F6, 0x4499, 0x44D9, 0x44F9, 0x451A, 0x451A, 0x4539,
    0x4D3A, 0x4D3A, 0x453A, 0x4519, 0x4519, 0x4519, 0x553A, 0x555A, 0x4D5A, 0x4D5A, 0x4D19, 0x6CB4, 0x8C2F, 0x7C71, 0x64F7, 0x4D1A,
    0x44D9, 0x4498, 0x4477, 0x3C77, 0x3C77, 0x3CF8, 0x3D39, 0x9E3B, 0x8DDD, 0x3C3C, 0x449D, 0x347D, 0x349D, 0x34BD, 0x34DD, 0x34FD,
    0x34FC, 0x24BB, 0x6C11, 0xCC8B, 0xCCCD, 0xCC8C, 0xC44A, 0xBBC9, 0xFFFF, 0xFFFF, 0xFFDE, 0xCCCE, 0xC42A, 0xAB67, 0x9AE7, 0xF75C,
    0xEFBF, 0x4437, 0x3C58, 0x44B9, 0x44D9, 0x44FA, 0x451A, 0x453A, 0x4D3A, 0x4D3A, 0x453A, 0x4D3A, 0x4D3A, 0x4519, 0x44F9, 0x44F9,
    0x44F9, 0x4CF9, 0x4D3A, 0x4D7B, 0x4D5B, 0x451A, 0x44D9, 0x4CB8, 0x4498, 0x3C57, 0x3437, 0x3457, 0x3CB8, 0x3D39, 0x4559, 0xB67C,
    0x64DC, 0x341C, 0x3C3C, 0x343C, 0x345C, 0x347C, 0x349D, 0x34BD, 0x34BC, 0x243A, 0x7BEF, 0xCC8B, 0xCCAC, 0xC46B, 0xC40A, 0xB3A9,
    0xFFFF, 0xFFFF, 0xF79C, 0xC44B, 0xBC0A, 0xAB88, 0xA328, 0xF77D, 0xFFFF, 0x64D8, 0x3437, 0x4499, 0x44D9, 0x44FA, 0x451A, 0x451A,
    0x451A, 0x4D1A, 0x4D1A, 0x4539, 0x4D19, 0x4D3A, 0x4D19, 0x44F9, 0x3CB9, 0x3C98, 0x44B9, 0x44D9, 0x4CD9, 0x4CB9, 0x4478, 0x3C37,
    0x3417, 0x3417, 0x3C58, 0x3C98, 0x3CD8, 0x3D59, 0x5D79, 0xAE3C, 0x2BBC, 0x33DD, 0x341D, 0x3C1C, 0x3C3C, 0x343C, 0x345C, 0x347C,
    0x347C, 0x23F9, 0x73AF, 0xCC4A, 0xC46B, 0xC42A, 0xB3C9, 0xB3A8, 0xFFFF, 0xFFFF, 0xD591, 0xC44A, 0xC44B, 0xB3E9, 0xAB67, 0xABEB,
    0xFFBE, 0x9E1B, 0x2BD7, 0x4498, 0x44B9, 0x44D9, 0x44FA, 0x44FA, 0x451A, 0x451A, 0x451A, 0x451A, 0x4519, 0x4519, 0x4519, 0x44F9,
    0x44F9, 0x44B9, 0x3C98, 0x3C58, 0x3C58, 0x3C58, 0x3438, 0x3C38, 0x3C58, 0x3C58, 0x3C58, 0x3C98, 0x44F9, 0x3D59, 0x7D9A, 0xC6BD,
    0x5C9C, 0x441C, 0x2BBC, 0x239C, 0x2BDC, 0x33FC, 0x343C, 0x343C, 0x345C, 0x2BFA, 0x7413, 0xB388, 0xB368, 0xB388, 0xAB47, 0xA307,
    0xFFFF, 0xF75B, 0xC46B, 0xCCAC, 0xBC4B, 0xB3E9, 0xB3C9, 0xA306, 0xBC8E, 0xD73D, 0x33F6, 0x3C58, 0x4499, 0x44B9, 0x44D9, 0x44FA,
    0x44FA, 0x44FA, 0x44FA, 0x44FA, 0x44F9, 0x44F9, 0x44F9, 0x44D9, 0x44D9, 0x44B9, 0x3C98, 0x3C98, 0x3C78, 0x3C78, 0x3C78, 0x3C58,
    0x3C58, 0x3C58, 0x3C78, 0x3C98, 0x4519, 0x3D19, 0x95FA, 0xEF9E, 0xDF5E, 0xCEFE, 0xAE5D, 0x7D7D, 0x549C, 0x3BFC, 0x2BBC, 0x2BBC,
    0x2BDC, 0x3C3A, 0x8D59, 0x630D, 0x9B49, 0x9B07, 0xA369, 0xCD73, 0xFFFF, 0xE6B8, 0xC48B, 0xCCCD, 0xBC2A, 0xB3C9, 0xAB68, 0xB388,
    0xA2E6, 0xCDB4, 0x5CD9, 0x33F7, 0x3C78, 0x4499, 0x44B9, 0x44D9, 0x44D9, 0x44F9, 0x44F9, 0x44D9, 0x44D9, 0x44D9, 0x44D9, 0x44D9,
    0x44B9, 0x4499, 0x3C78, 0x3C78, 0x3C78, 0x3C78, 0x3C58, 0x3C58, 0x3C58, 0x3C58, 0x3C58, 0x3C98, 0x3CF8, 0x3D19, 0x7D79, 0xEF9F,
    0xE79E, 0xE77E, 0xE79E, 0xD71D, 0xC6BC, 0xC6DD, 0x9E1D, 0x753C, 0x3C1B, 0x6CFC, 0x8D7A, 0x3333, 0xC73D, 0xD71B, 0xEF9D, 0xFFFF,
    0xFFFF, 0xE6B8, 0xC48B, 0xCCCD, 0xBC0A, 0xB3A9, 0xA347, 0xA327, 0x9AC5, 0xC4F0, 0xA63C, 0x2BB6, 0x4478, 0x3C98, 0x4499, 0x44B9,
    0x44B9, 0x44B9, 0x44B9, 0x44B9, 0x44B9, 0x44B9, 0x44B9, 0x44B9, 0x4499, 0x4498, 0x3C78, 0x3C78, 0x3C58, 0x3C58, 0x3C58, 0x3C58,
    0x3C58, 0x3C58, 0x3C58, 0x3C78, 0x3C98, 0x3D18, 0x4497, 0x74D8, 0xB63B, 0xCEFD, 0xE79E, 0xDF3D, 0xCEFC, 0xE77E, 0xE77E, 0xDF7E,
    0xCF1E, 0xD73E, 0x5C56, 0x5435, 0xDFFF, 0xE7FF, 0xF7FF, 0xFFFF, 0xFFFF, 0xEF1A, 0xBC4B, 0xCCAC, 0xBC0A, 0xABA9, 0xA307, 0xA38A,
    0xE6DA, 0xFFBE, 0xEF9F, 0x4416, 0x2BD7, 0x3C59, 0x3C79, 0x3C78, 0x4478, 0x4498, 0x4498, 0x4498, 0x4498, 0x4498, 0x4498, 0x4498,
    0x4498, 0x4478, 0x3C78, 0x3C58, 0x3C58, 0x3C58, 0x3C38, 0x3C38, 0x3C38, 0x3C38, 0x3C37, 0x3C37, 0x3C57, 0x3C77, 0x3CB7, 0x3436,
    0x3BB5, 0x4BF6, 0x6477, 0x8D79, 0xB67C, 0xD71D, 0xE77E, 0xE77E, 0xEF9E, 0xCF1D, 0x3334, 0x7D99, 0xDFFF, 0xE7DF, 0xF7FF, 0xFFFF,
    0xFFFF, 0xFFDE, 0xBC6C, 0xBC09, 0xBC0A, 0xB3A9, 0x9AC6, 0xA3CB, 0xFFFF, 0xFFFF, 0xFFFF, 0xD71D, 0x7518, 0x4393, 0x3BD5, 0x3417,
    0x3437, 0x3438, 0x3458, 0x3478, 0x3C78, 0x3C78, 0x3C78, 0x3C78, 0x3C78, 0x3C78, 0x3C78, 0x4458, 0x4459, 0x3C59, 0x3C58, 0x3C38,
    0x3C38, 0x3C18, 0x3C18, 0x3417, 0x3417, 0x3416, 0x3436, 0x3C97, 0x3CD7, 0x44B7, 0x4476, 0x43D4, 0x4BD4, 0x5416, 0x6C77, 0x9579,
    0xA61B, 0x5C57, 0x2AF2, 0xB71D, 0xE7FF, 0xEFDF, 0xF7FF, 0xFFFF, 0xFFFF, 0xFFFF, 0xE6D9, 0xB3EA, 0xA347, 0x9B06, 0x92C6, 0xD636,
    0xFFFF, 0xFFFF, 0xFFFF, 0xFFFF, 0xFFFF, 0xCDD6, 0x7246, 0x72A9, 0x62CB, 0x5AEC, 0x4AEE, 0x4B2F, 0x4351, 0x4392, 0x3BB3, 0x3BB4,
    0x3BB4, 0x3BD5, 0x3BD5, 0x3BD5, 0x3BB5, 0x3BB5, 0x3B94, 0x3B94, 0x3B73, 0x3B73, 0x3B52, 0x3B51, 0x4331, 0x430F, 0x4B0E, 0x532E,
    0x5B6E, 0x6BEF, 0x7C4F, 0x9513, 0xBF7D, 0xAF1D, 0x85DA, 0x64D7, 0x43D5, 0x43B4, 0x963B, 0xDFFF, 0xE7DF, 0xF7FF, 0xFFFF, 0xFFFF,
    0xFFFF, 0xFFFF, 0xFFFF, 0xF79D, 0xDE36, 0xD5F5, 0xEF1B, 0xFFFF, 0xFFFF, 0xFFFF, 0xFFFF, 0xFFFF, 0xFFFF, 0xFFFF, 0xD5B4, 0x8A44,
    0x9264, 0x9285, 0x8A44, 0x8A44, 0x8A65, 0x8265, 0x8266, 0x7A46, 0x7A66, 0x7246, 0x7247, 0x7247, 0x7226, 0x6A26, 0x7205, 0x69E5,
    0x69C4, 0x69C4, 0x69C4, 0x71C3, 0x71E3, 0x71E4, 0x7225, 0x7266, 0x7AE8, 0x8309, 0x940D, 0xD73C, 0xDFFF, 0xDFFF, 0xDFFF, 0xDFFF,
    0xCFBF, 0xD7DF, 0xE7FF, 0xE7DF, 0xEFFF, 0xF7FF, 0xFFFF, 0xFFFF, 0xFFFF, 0xFFFF, 0xFFFF, 0xFFFF, 0xFFFF, 0xFFFF, 0xFFFF, 0xFFFF,
    0xFFFF, 0xFFFF, 0xFFFF, 0xFFFF, 0xFFFF, 0xFFFF, 0xFFFF, 0xD637, 0x92C7, 0x8A65, 0x9AE7, 0x92C6, 0x9AC6, 0x92A6, 0x9AA6, 0x9285,
    0x92A5, 0x8A65, 0x8A44, 0x9264, 0x8A44, 0x8A44, 0x8A44, 0x8203, 0x8203, 0x81E3, 0x79E3, 0x7A04, 0x7A04, 0x7A25, 0x7A66, 0x82A7,
    0x8286, 0x9BCC, 0xE73C, 0xEFFF, 0xE7DF, 0xE7DF, 0xE7DF, 0xE7DF, 0xE7FF, 0xE7FF, 0xEFDF, 0xF7FF, 0xF7FF, 0xFFFF, 0xFFFF, 0xFFFF,
    0xFFFF, 0xFFFF, 0xFFFF, 0xFFFF, 0xFFFF, 0xFFFF, 0xFFFF, 0xFFFF, 0xFFFF, 0xFFFF, 0xFFFF, 0xFFFF, 0xFFFF, 0xFFFF, 0xFFFF, 0xFFFF,
    0xEF1B, 0xA3CB, 0x8A44, 0x9AA6, 0x92C6, 0x92A6, 0x92A6, 0x8AA6, 0x8AA6, 0x8A86, 0x8A45, 0x8A85, 0x8A65, 0x8A65, 0x8A45, 0x8224,
    0x8224, 0x7A03, 0x79E3, 0x7A04, 0x8224, 0x8245, 0x8A45, 0x8A86, 0xB4B0, 0xF7BE, 0xFFFF, 0xF7FF, 0xF7FF, 0xF7FF, 0xF7FF, 0xF7FF,
    0xF7FF, 0xF7FF, 0xF7FF, 0xF7FF, 0xFFFF, 0xFFFF, 0xFFFF, 0xFFFF, 0xFFFF, 0xFFFF, 0xFFFF, 0xFFFF, 0xFFFF, 0xFFFF, 0xFFFF, 0xFFFF,
    0xFFFF, 0xFFFF, 0xFFFF, 0xFFFF, 0xFFFF, 0xFFFF, 0xFFFF, 0xFFFF, 0xFFFF, 0xFFFF, 0xCD94, 0x9308, 0x8A44, 0x8A64, 0x8A85, 0x8A65,
    0x8245, 0x8245, 0x8224, 0x8245, 0x8224, 0x8224, 0x8224, 0x8204, 0x8204, 0x79E3, 0x79E4, 0x7A04, 0x79E3, 0x8224, 0xA38B, 0xDE78,
    0xFFFF, 0xFFFF, 0xFFFF, 0xFFFF, 0xFFFF, 0xFFFF, 0xFFFF, 0xFFFF, 0xFFFF, 0xFFFF, 0xFFFF, 0xFFFF, 0xFFFF, 0xFFFF, 0xFFFF, 0xFFFF,
    0xFFFF, 0xFFFF, 0xFFFF, 0xFFFF, 0xFFFF, 0xFFFF, 0xFFFF, 0xFFFF, 0xFFFF, 0xFFFF, 0xFFFF, 0xFFFF, 0xFFFF, 0xFFFF, 0xFFFF, 0xFFFF,
    0xFFFF, 0xFFFF, 0xFFFF, 0xF77D, 0xC553, 0x9329, 0x7A04, 0x7A03, 0x8224, 0x8225, 0x8224, 0x8204, 0x7A04, 0x7A04, 0x7A04, 0x8204,
    0x8204, 0x79E4, 0x71A2, 0x7A04, 0x9B8A, 0xD616, 0xFFFF, 0xFFFF, 0xFFFF, 0xFFFF, 0xFFFF, 0xFFFF, 0xFFFF, 0xFFFF, 0xFFFF, 0xFFFF,
    0xFFFF, 0xFFFF, 0xFFFF, 0xFFFF, 0xFFFF, 0xFFFF, 0xFFFF, 0xFFFF, 0xFFFF, 0xFFFF, 0xFFFF, 0xFFFF, 0xFFFF, 0xFFFF, 0xFFFF, 0xFFFF,
    0xFFFF, 0xFFFF, 0xFFFF, 0xFFFF, 0xFFFF, 0xFFFF, 0xFFFF, 0xFFFF, 0xFFFF, 0xFFFF, 0xFFDF, 0xFFFF, 0xFFFF, 0xF79E, 0xCDD6, 0xA3CC,
    0x8265, 0x8203, 0x8245, 0x8224, 0x7A04, 0x7A04, 0x7A04, 0x7A04, 0x79C3, 0x8286, 0xAC4F, 0xDE78, 0xFFFF, 0xFFFF, 0xFFFF, 0xFFDF,
    0xFFFF, 0xFFFF, 0xFFFF, 0xFFFF, 0xFFFF, 0xFFFF, 0xFFFF, 0xFFFF, 0xFFFF, 0xFFFF, 0xFFFF, 0xFFFF, 0xFFFF, 0xFFFF, 0xFFFF, 0xFFFF,
    0xFFFF, 0xFFFF, 0xFFFF, 0xFFFF, 0xFFFF, 0xFFFF, 0xFFFF, 0xFFFF, 0xFFFF, 0xFFFF, 0xFFFF, 0xFFFF, 0xFFDF, 0xFFDF, 0xF7DF, 0xF7BF,
    0xF7BE, 0xF79E, 0xEF9E, 0xEF7E, 0xE75D, 0xE75E, 0xEF9F, 0xEF7E, 0xD679, 0xA40D, 0x8A44, 0x8A24, 0x8245, 0x8224, 0x79E3, 0x8245,
    0xAC70, 0xDEBB, 0xEF9F, 0xEF9F, 0xE75D, 0xEF5D, 0xEF7E, 0xEF9E, 0xF79E, 0xF7BE, 0xF7BF, 0xF7BF, 0xFFDF, 0xFFDF, 0xFFFF, 0xFFFF,
    0xFFFF, 0xFFFF, 0xFFFF, 0xFFFF, 0xFFFF, 0xFFFF, 0xFFFF, 0xFFFF, 0xFFFF, 0xFFFF, 0xFFFF, 0xFFFF, 0xFFFF, 0xFFFF, 0xFFFF, 0xFFFF,
    0xFFFF, 0xFFFF, 0xFFDF, 0xF7DF, 0xF7BF, 0xF7BE, 0xEF9E, 0xEF7E, 0xE75D, 0xE73D, 0xDF3D, 0xDF1C, 0xD6FC, 0xD6DC, 0xCE9B, 0xC67B,
    0xC69B, 0xC67B, 0xA4B2, 0x8AE8, 0x8244, 0x8245, 0x8B2A, 0xAD76, 0xC69B, 0xC69B, 0xC69B, 0xCEBB, 0xD6DC, 0xD6FC, 0xDEFC, 0xDF1D,
    0xE73D, 0xE75D, 0xEF7E, 0xEF9E, 0xF79E, 0xF7BF, 0xF7BF, 0xFFDF, 0xFFDF, 0xFFFF, 0xFFFF, 0xFFFF, 0xFFFF, 0xFFFF, 0xFFFF, 0xFFFF,
    0xFFFF, 0xFFFF, 0xFFFF, 0xFFFF, 0xFFFF, 0xFFFF, 0xFFFF, 0xFFFF, 0xFFFF, 0xFFDF, 0xFFDF, 0xF7DF, 0xF7BF, 0xF7BE, 0xEF9E, 0xEF7E,
    0xE75D, 0xE73D, 0xDF3D, 0xDF1C, 0xD6FC, 0xD6DC, 0xCEBB, 0xC67B, 0xBE3A, 0xB619, 0xB61A, 0xADD8, 0xAD34, 0xAD55, 0xB619, 0xB63A,
    0xB619, 0xBE5A, 0xC69B, 0xCEBB, 0xD6DC, 0xD6FC, 0xDF1C, 0xDF1D, 0xE73D, 0xE75D, 0xEF7E, 0xEF9E, 0xF79E, 0xF7BE, 0xF7BF, 0xFFDF,
    0xFFDF, 0xFFFF, 0xFFFF, 0xFFFF, 0xFFFF, 0xFFFF, 0xFFFF, 0xFFFF, 0xFFFF, 0xFFFF, 0xFFFF, 0xFFFF, 0xFFFF, 0xFFFF, 0xFFFF, 0xFFFF,
    0xFFFF, 0xFFFF, 0xFFFF, 0xFFFF, 0xFFDF, 0xFFDF, 0xF7BF, 0xF7BE, 0xF79E, 0xF79E, 0xEF7E, 0xEF7E, 0xEF5D, 0xE75D, 0xE73D, 0xDF3D,
    0xDF1D, 0xDF1C, 0xDF1C, 0xDF1C, 0xDF3D, 0xDF3D, 0xDEFC, 0xDEFC, 0xDF1D, 0xDF1D, 0xE73D, 0xE73D, 0xE75D, 0xEF5E, 0xEF7E, 0xEF7E,
    0xF79E, 0xF79E, 0xF7BF, 0xF7BF, 0xFFDF, 0xFFDF, 0xFFFF, 0xFFFF, 0xFFFF, 0xFFFF, 0xFFFF, 0xFFFF, 0xFFFF, 0xFFFF, 0xFFFF, 0xFFFF,
    0xFFFF, 0xFFFF, 0xFFFF, 0xFFFF, 0xFFFF, 0xFFFF, 0xFFFF, 0xFFFF, 0xFFFF, 0xFFFF, 0xFFFF, 0xFFFF, 0xFFFF, 0xFFFF, 0xFFFF, 0xFFFF,
    0xFFFF, 0xFFDF, 0xFFDF, 0xFFDF, 0xFFDF, 0xFFDF, 0xF7DF, 0xF7BF, 0xF7BF, 0xF7BF, 0xF7BF, 0xF7BE, 0xF7BE, 0xF7BE, 0xF7BE, 0xF7BF,
    0xF7BF, 0xF7BF, 0xF7BF, 0xF7DF, 0xFFDF, 0xFFDF, 0xFFDF, 0xFFDF, 0xFFFF, 0xFFFF, 0xFFFF, 0xFFFF, 0xFFFF, 0xFFFF, 0xFFFF, 0xFFFF,
    0xFFFF, 0xFFFF, 0xFFFF, 0xFFFF, 0xFFFF, 0xFFFF, 0xFFFF, 0xFFFF, 0xFFFF, 0xFFFF, 0xFFFF, 0xFFFF, 0xFFFF, 0xFFFF, 0xFFFF, 0xFFFF,
    0xFFFF, 0xFFFF, 0xFFFF, 0xFFFF, 0xFFFF, 0xFFFF, 0xFFFF, 0xFFFF, 0xFFFF, 0xFFFF, 0xFFFF, 0xFFFF, 0xFFFF, 0xFFFF, 0xFFFF, 0xFFFF,
    0xFFFF, 0xFFFF, 0xFFFF, 0xFFFF, 0xFFFF, 0xFFFF, 0xFFFF, 0xFFFF, 0xFFFF, 0xFFFF, 0xFFFF, 0xFFFF, 0xFFFF, 0xFFFF, 0xFFFF, 0xFFFF,
    0xFFFF, 0xFFFF, 0xFFFF, 0xFFFF, 0xFFFF, 0xFFFF, 0xFFFF, 0xFFFF, 0xFFFF, 0xFFFF, 0xFFFF, 0xFFFF, 0xFFFF, 0xFFFF, 0xFFFF, 0xFFFF,
};

const uint16_t donguri_typing[DONGURI_IMG_W * DONGURI_IMG_H] PROGMEM = {
    0xFFFF, 0xFFFF, 0xFFFF, 0xFFFF, 0xFFFF, 0xFFFF, 0xFFFF, 0xFFFF, 0xFFFF, 0xFFFF, 0xFFFF, 0xFFFF, 0xFFFF, 0xFFFF, 0xFFFF, 0xFFFF,
    0xFFFF, 0xFFFF, 0xFFFF, 0xFFFF, 0xFFFF, 0xFFFF, 0xFFFF, 0xFFFF, 0xFFFF, 0xFFFF, 0xFFFF, 0xFFFF, 0xFFFF, 0xFFFF, 0xFFFF, 0xFFFF,
    0xFFFF, 0xFFFF, 0xFFFF, 0xFFFF, 0xFFFF, 0xFFFF, 0xFFFF, 0xFFFF, 0xFFFF, 0xFFFF, 0xFFFF, 0xFFFF, 0xFFFF, 0xFFFF, 0xFFFF, 0xFFFF,
    0xFFFF, 0xFFFF, 0xFFFF, 0xFFFF, 0xFFFF, 0xFFFF, 0xFFFF, 0xFFFF, 0xFFFF, 0xFFFF, 0xFFFF, 0xFFFF, 0xFFFF, 0xFFFF, 0xFFFF, 0xFFFF,
    0xFFFF, 0xFFFF, 0xFFFF, 0xFFFF, 0xFFFF, 0xFFFF, 0xFFFF, 0xFFFF, 0xFFFF, 0xFFFF, 0xFFFF, 0xFFFF, 0xFFFF, 0xFFFF, 0xFFFF, 0xFFFF,
    0xFFFF, 0xFFFF, 0xFFFF, 0xFFFF, 0xFFFF, 0xFFFF, 0xFFFF, 0xFFFF, 0xFFFF, 0xFFFF, 0xFFFF, 0xFFFF, 0xFFFF, 0xFFFF, 0xFFFF, 0xFFFF,
    0xFFFF, 0xFFFF, 0xFFFF, 0xFFFF, 0xFFFF, 0xFFFF, 0xFFFF, 0xFFFF, 0xFFFF, 0xFFFF, 0xFFFF, 0xFFFF, 0xFFFF, 0xFFFF, 0xFFFF, 0xFFFF,
    0xFFFF, 0xFFFF, 0xFFFF, 0xFFFF, 0xFFFF, 0xFFFF, 0xFFFF, 0xFFFF, 0xFFFF, 0xFFFF, 0xFFFF, 0xFFFF, 0xFFFF, 0xFFFF, 0xFFFF, 0xFFFF,
    0xFFFF, 0xFFFF, 0xFFFF, 0xFFFF, 0xFFFF, 0xFFFF, 0xFFFF, 0xFFFF, 0xFFFF, 0xFFFF, 0xFFFF, 0xFFFF, 0xFFFF, 0xFFFF, 0xFFFF, 0xFFFF,
    0xFFFF, 0xFFFF, 0xFFFF, 0xFFFF, 0xFFFF, 0xFFFF, 0xFFFF, 0xFFFF, 0xFFFF, 0xFFFF, 0xFFFF, 0xFFFF, 0xFFFF, 0xFFFF, 0xFFFF, 0xFFFF,
    0xFFFF, 0xFFFF, 0xFFFF, 0xFFFF, 0xFFFF, 0xFFFF, 0xFFFF, 0xFFFF, 0xFFFF, 0xFFFF, 0xFFFF, 0xFFFF, 0xFFFF, 0xFFFF, 0xFFFF, 0xFFFF,
    0xFFFF, 0xFFFF, 0xFFFF, 0xFFFF, 0xFFFF, 0xFFFF, 0xFFFF, 0xFFFF, 0xFFFF, 0xFFFF, 0xFFFF, 0xFFFF, 0xFFFF, 0xFFFF, 0xFFFF, 0xFFFF,
    0xFFFF, 0xFFFF, 0xFFFF, 0xFFFF, 0xFFFF, 0xFFFF, 0xFFFF, 0xFFFF, 0xFFFF, 0xFFFF, 0xFFFF, 0xFFFF, 0xFFFF, 0xFFFF, 0xFFFF, 0xFFFF,
    0xFFFF, 0xFFFF, 0xFFFF, 0xFFFF, 0xFFFF, 0xFFFF, 0xFFFF, 0xFFFF, 0xFFFF, 0xFFFF, 0xFFFF, 0xFFFF, 0xFFFF, 0xFFFF, 0xFFFF, 0xFFFF,
    0xFFFF, 0xFFFF, 0xFFFF, 0xFFFF, 0xFFFF, 0xFFFF, 0xFFFF, 0xFFFF, 0xFFFF, 0xFFFF, 0xFFFF, 0xFFFF, 0xFFFF, 0xFFFF, 0xFFFF, 0xFFFF,
    0xFFFF, 0xFFFF, 0xFFFF, 0xFFFF, 0xFFFF, 0xFFFF, 0xFFFF, 0xFFFF, 0xFFFF, 0xFFFF, 0xFFFF, 0xFFFF, 0xFFFF, 0xFFFF, 0xFFFF, 0xFFFF,
    0xFFFF, 0xFFFF, 0xFFFF, 0xFFFF, 0xFFFF, 0xFFFF, 0xFFFF, 0xFFFF, 0xFFFF, 0xFFFF, 0xFFFF, 0xFFFF, 0xFFFF, 0xFFFF, 0xFFFF, 0xFFFF,
    0xFFFF, 0xFFFF, 0xFFFF, 0xFFFF, 0xFFFF, 0xFFFF, 0xFFFF, 0xFFFF, 0xFFFF, 0xFFFF, 0xFFFF, 0xFFFF, 0xFFFF, 0xFFFF, 0xFFFF, 0xFFFF,
    0xFFFF, 0xFFFF, 0xFFFF, 0xFFFF, 0xFFFF, 0xFFFF, 0xFFFF, 0xFFFF, 0xFFFF, 0xFFFF, 0xFFFF, 0xFFFF, 0xFFFF, 0xFFFF, 0xF7BE, 0xEF7E,
    0xE75D, 0xE75D, 0xE75D, 0xE75D, 0xE73D, 0xE73D, 0xE73D, 0xDF3D, 0xDF1D, 0xDF3D, 0xCE9B, 0xDF1C, 0xFFFF, 0xFFFF, 0xFFFF, 0xFFFF,
    0xFFFF, 0xFFFF, 0xFFFF, 0xFFFF, 0xFFFF, 0xFFFF, 0xFFFF, 0xFFFF, 0xFFFF, 0xFFFF, 0xFFFF, 0xFFFF, 0xFFFF, 0xFFFF, 0xFFFF, 0xFFFF,
    0xFFFF, 0xFFFF, 0xFFFF, 0xFFFF, 0xFFFF, 0xFFFF, 0xFFFF, 0xFFFF, 0xFFFF, 0xFFFF, 0xFFFF, 0xFFFF, 0xFFFF, 0xFFFF, 0xFFFF, 0xFFFF,
    0xFFFF, 0xFFFF, 0xFFFF, 0xFFFF, 0xFFFF, 0xFFFF, 0xEF9E, 0xEF7E, 0xE73D, 0xE73D, 0xE73D, 0xDF3D, 0xDF1D, 0xDF1D, 0xDF1D, 0xDF1D,
    0xDEFD, 0xDF1D, 0xC67B, 0xD6FC, 0xFFFF, 0xFFFF, 0xFFFF, 0xFFFF, 0xFFFF, 0xFFFF, 0xFFFF, 0xFFFF, 0xFFFF, 0xFFFF, 0xFFFF, 0xFFFF,
    0xFFFF, 0xFFFF, 0xFFFF, 0xFFFF, 0xFFFF, 0xFFFF, 0xFFFF, 0xFFFF, 0xFFFF, 0xFFFF, 0xFFFF, 0xFFFF, 0xFFFF, 0xFFFF, 0xFFFF, 0xFFFF,
    0xFFFF, 0xFFFF, 0xFFFF, 0xFFFF, 0xFFFF, 0xFFFF, 0xFFFF, 0xFFFF, 0xFFFF, 0xFFFF, 0xFFFF, 0xFFFF, 0xFFFF, 0xFFFF, 0xF79E, 0xEF7E,
    0xE73D, 0xE73D, 0xDF3D, 0xDF1D, 0xDF1D, 0xDF1D, 0xDF1D, 0xDEFD, 0xD6FC, 0xDF1D, 0xC69B, 0xD6FC, 0xFFFF, 0xFFFF, 0xFFFF, 0xFFFF,
    0xFFFF, 0xFFFF, 0xFFFF, 0xFFFF, 0xFFFF, 0xFFFF, 0xFFFF, 0xFFFF, 0xFFFF, 0xFFFF, 0xFFFF, 0xFFFF, 0xFFFF, 0xFFFF, 0xFFFF, 0xFFFF,
    0xFFFF, 0xFFFF, 0xFFFF, 0xFFFF, 0xFFFF, 0xFFFF, 0xFFFF, 0xFFFF, 0xFFFF, 0xFFFF, 0xFFFF, 0xFFFF, 0xFFFF, 0xFFFF, 0xFFFF, 0xFFFF,
    0xFFFF, 0xFFFF, 0xFFFF, 0xFFFF, 0xFFFF, 0xFFFF, 0xF79E, 0xEF7E, 0xE73D, 0xE75E, 0xE75D, 0xDF3D, 0xDF1D, 0xDF1D, 0xDF1D, 0xDF3D,
    0xDF1D, 0xDF1D, 0xC69B, 0xD6FC, 0xFFFF, 0xFFFF, 0xFFFF, 0xFFFF, 0xFFFF, 0xFFFF, 0xFFFF, 0xFFFF, 0xFFFF, 0xFFFF, 0xFFFF, 0xFFFF,
    0xFFFF, 0xFFFF, 0xFFFF, 0xFFFF, 0xFFFF, 0xFFFF, 0xFFFF, 0xFFFF, 0xFFFF, 0xFFFF, 0xFFFF, 0xFFFF, 0xFFFF, 0xFFFF, 0xFFFF, 0xFFFF,
    0xFFFF, 0xFFFF, 0xFFFF, 0xFFFF, 0xFFFF, 0xFFFF, 0xFFFF, 0xFFFF, 0xFFFF, 0xFFFF, 0xFFFF, 0xFFFF, 0xFFFF, 0xFFFF, 0xEF9E, 0xEF7E,
    0xD6FC, 0xCE9B, 0xCE9B, 0xDF1D, 0xDF1D, 0xDF1D, 0xD6FC, 0xC67A, 0xC67A, 0xD6FC, 0xC69B, 0xD6FC, 0xFFFF, 0xFFFF, 0xFFFF, 0xFFFF,
    0xFFFF, 0xFFFF, 0xFFFF, 0xFFFF, 0xFFFF, 0xFFFF, 0xFFFF, 0xFFFF, 0xFFFF, 0xFFFF, 0xFFFF, 0xFFFF, 0xFFFF, 0xFFFF, 0xFFFF, 0xFFFF,
    0xFFFF, 0xFFFF, 0xFFFF, 0xFFFF, 0xFFFF, 0xFFFF, 0xFFFF, 0xFFFF, 0xFFFF, 0xFFFF, 0xFFFF, 0xFFFF, 0xFFFF, 0xFFFF, 0xFFFF, 0xFFFF,
    0xFFFF, 0xFFFF, 0xFFFF, 0xFFFF, 0xFFFF, 0xFFFF, 0xEF9E, 0xF7BF, 0x9D15, 0x3A4A, 0x52CC, 0xCE7A, 0xDF3D, 0xE75E, 0xAD97, 0x426B,
    0x4AAB, 0xBE19, 0xC6BC, 0xD6FC, 0xFFFF, 0xFFFF, 0xFFFF, 0xFFFF, 0xFFFF, 0xFFFF, 0xFFFF, 0xFFFF, 0xFFFF, 0xFFFF, 0xFFFF, 0xFFFF,
    0xFFFF, 0xFFFF, 0xFFFF, 0xFFFF, 0xFFFF, 0xFFFF, 0xFFFF, 0xFFFF, 0xFFFF, 0xFFFF, 0xFFFF, 0xFFFF, 0xFFFF, 0xFFFF, 0xFFFF, 0xFFFF,
    0xFFFF, 0xFFFF, 0xFFFF, 0xFFFF, 0xFFFF, 0xFFFF, 0xFFFF, 0xFFFF, 0xFFFF, 0xFFFF, 0xFFFF, 0xFFFF, 0xFFFF, 0xFFFF, 0xEF7E, 0xF7BF,
    0x9D56, 0x52EC, 0x6B8F, 0xCE9B, 0xDF3D, 0xE75E, 0xADB7, 0x52ED, 0x5B4E, 0xBE5A, 0xC69C, 0xD6FC, 0xFFFF, 0xFFFF, 0xFFFF, 0xFFFF,
    0xFFFF, 0xFFFF, 0xFFFF, 0xFFFF, 0xFFFF, 0xFFFF, 0xFFFF, 0xFFFF, 0xFFFF, 0xFFFF, 0xFFFF, 0xFFFF, 0xFFFF, 0xFFFF, 0xFFFF, 0xFFFF,
    0xFFFF, 0xFFFF, 0xFFFF, 0xFFFF, 0xFFFF, 0xFFFF, 0xFFFF, 0xFFFF, 0xFFFF, 0xFFFF, 0xFFFF, 0xFFFF, 0xFFFF, 0xFFFF, 0xFFFF, 0xFFFF,
    0xFFFF, 0xFFFF, 0xFFFF, 0xFFFF, 0xFFFF, 0xFFFF, 0xEF9E, 0xE77E, 0xD6FC, 0xD6DC, 0xD6DC, 0xDF1D, 0xDF1D, 0xDF1D, 0xD6FC, 0xCE9B,
    0xCE9B, 0xD6FC, 0xC69B, 0xD6FC, 0xFFFF, 0xFFFF, 0xFFFF, 0xFFFF, 0xFFFF, 0xFFFF, 0xFFFF, 0xFFFF, 0xFFFF, 0xFFFF, 0xFFFF, 0xFFFF,
    0xFFFF, 0xFFFF, 0xFFFF, 0xFFFF, 0xFFFF, 0xFFFF, 0xFFFF, 0xFFFF, 0xFFFF, 0xFFFF, 0xFFFF, 0xFFFF, 0xFFFF, 0xFFFF, 0xFFFF, 0xFFFF,
    0xFFFF, 0xFFFF, 0xFFFF, 0xFFFF, 0xFFFF, 0xFFFF, 0xFFFF, 0xFFFF, 0xFFFF, 0xFFFF, 0xFFFF, 0xFFFF, 0xFFFF, 0xFFFF, 0xEF9E, 0xE75E,
    0xDF1D, 0xDF3D, 0xDF3D, 0xDF1D, 0xDF1D, 0xDF1D, 0xD71D, 0xDF1D, 0xDF1D, 0xDF1D, 0xC69B, 0xD6FC, 0xFFFF, 0xFFFF, 0xFFFF, 0xFFFF,
    0xFFFF, 0xFFFF, 0xFFFF, 0xFFFF, 0xFFFF, 0xFFFF, 0xFFFF, 0xFFFF, 0xFFFF, 0xFFFF, 0xFFFF, 0xFFFF, 0xFFFF, 0xFFFF, 0xFFFF, 0xFFFF,
    0xFFFF, 0xFFFF, 0xFFFF, 0xFFFF, 0xFFFF, 0xFFFF, 0xFFFF, 0xFFFF, 0xFFFF, 0xFFFF, 0xFFFF, 0xFFFF, 0xFFFF, 0xFFFF, 0xFFFF, 0xFFFF,
    0xFFFF, 0xFFFF, 0xFFFF, 0xFFFF, 0xFFFF, 0xFFFF, 0xEF7E, 0xDF3D, 0xCEBC, 0xCEBB, 0xCEBB, 0xCEBB, 0xCEBB, 0xCEBB, 0xCE9B, 0xCE9B,
    0xCEBB, 0xD6FC, 0xC67B, 0xD6FC, 0xFFFF, 0xFFFF, 0xFFFF, 0xFFFF, 0xFFFF, 0xFFFF, 0xFFFF, 0xFFFF, 0xFFFF, 0xFFFF, 0xFFFF, 0xFFFF,
    0xFFFF, 0xFFFF, 0xFFFF, 0xFFFF, 0xFFFF, 0xFFFF, 0xFFFF, 0xFFFF, 0xFFFF, 0xFFFF, 0xFFFF, 0xFFFF, 0xFFFF, 0xFFFF, 0xFFFF, 0xFFFF,
    0xFFFF, 0xFFFF, 0xFFFF, 0xFFFF, 0xFFFF, 0xFFFF, 0xFFFF, 0xFFFF, 0xFFFF, 0xFFFF, 0xFFFF, 0xFFFF, 0xFFFF, 0xFFFF, 0xE75D, 0xD6DC,
    0xCEBB, 0xCEBB, 0xD6DC, 0xD6DC, 0xD6DC, 0xD6DC, 0xD6DC, 0xD6DC, 0xD6DC, 0xD6FC, 0xC67B, 0xDEFC, 0xFFFF, 0xFFFF, 0xFFFF, 0xFFFF,
    0xFFFF, 0xFFFF, 0xFFFF, 0xFFFF, 0xFFFF, 0xFFFF, 0xFFFF, 0xFFFF, 0xFFFF, 0xFFFF, 0xFFFF, 0xFFFF, 0xFFFF, 0xFFFF, 0xFFFF, 0xFFFF,
    0xFFFF, 0xFFFF, 0xFFFF, 0xFFFF, 0xFFFF, 0xFFFF, 0xFFFF, 0xFFFF, 0xFFFF, 0xFFFF, 0xFFFF, 0xFFFF, 0xFFFF, 0xFFFF, 0xFFFF, 0xFFFF,
    0xFFFF, 0xFFFF, 0xFFFF, 0xF7BF, 0xF7BE, 0xEF9E, 0xEF7E, 0xEF9E, 0xEF9E, 0xEF9E, 0xEF9E, 0xEF9E, 0xEF9E, 0xEF9E, 0xEF7E, 0xEF7E,
    0xEF7E, 0xE77E, 0xE77E, 0xE75E, 0xE75D, 0xEF7E, 0xEF9E, 0xFFDF, 0xFFFF, 0xFFFF, 0xFFFF, 0xFFFF, 0xFFFF, 0xFFFF, 0xFFFF, 0xFFFF,
    0xFFFF, 0xFFFF, 0xFFFF, 0xFFFF, 0xFFFF, 0xFFFF, 0xFFFF, 0xFFFF, 0xFFFF, 0xFFFF, 0xFFFF, 0xFFFF, 0xFFFF, 0xFFFF, 0xFFFF, 0xFFFF,
    0xFFFF, 0xFFFF, 0xFFFF, 0xFFFF, 0xFFFF, 0xFFFF, 0xFFFF, 0xFFFF, 0xF7BF, 0xEF9E, 0xEF9E, 0xEF9E, 0xF7BF, 0xF7BF, 0xF7BF, 0xF7BF,
    0xF7BF, 0xF7BF, 0xF7BF, 0xF7BE, 0xEF9E, 0xEF9E, 0xEF9E, 0xEF7E, 0xEF7E, 0xEF7E, 0xEF7E, 0xEF7E, 0xE75D, 0xE73D, 0xDF1D, 0xDF1D,
    0xDF3D, 0xEF7E, 0xFFDF, 0xFFFF, 0xFFFF, 0xFFFF, 0xFFFF, 0xFFFF, 0xFFFF, 0xFFFF, 0xFFFF, 0xFFFF, 0xFFFF, 0xFFFF, 0xFFFF, 0xFFFF,
    0xFFFF, 0xFFFF, 0xFFFF, 0xFFFF, 0xFFFF, 0xFFFF, 0xFFFF, 0xFFFF, 0xFFFF, 0xFFFF, 0xFFFF, 0xFFFF, 0xFFFF, 0xFFFF, 0xF7BF, 0xEF9E,
    0xEF9E, 0xF7BF, 0xFFDF, 0xFFDF, 0xFFFF, 0xFFFF, 0xFFDF, 0xFFDF, 0xF7DF, 0xF7DF, 0xF7BF, 0xF7BF, 0xF7BF, 0xF7BE, 0xEF9E, 0xEF9E,
    0xEF7E, 0xEF7E, 0xEF7E, 0xEF7E, 0xE77E, 0xE75E, 0xE75D, 0xDF1D, 0xD71D, 0xD6DC, 0xD6FC, 0xE75D, 0xFFDF, 0xFFFF, 0xFFFF, 0xFFFF,
    0xFFFF, 0xFFFF, 0xFFFF, 0xFFFF, 0xFFFF, 0xFFFF, 0xFFFF, 0xFFFF, 0xFFFF, 0xFFFF, 0xFFFF, 0xFFFF, 0xFFFF, 0xFFFF, 0xFFFF, 0xFFFF,
    0xFFFF, 0xFFFF, 0xFFFF, 0xFFFF, 0xF7DF, 0xEF9E, 0xF79E, 0xF7DF, 0xFFFF, 0xFFFF, 0xFFFF, 0xFFFF, 0xFFFF, 0xFFFF, 0xFFFF, 0xFFDF,
    0xFFDF, 0xF7DF, 0xF7DF, 0xF7BF, 0xF7BF, 0xF7BE, 0xEF9E, 0xEF9E, 0xEF9E, 0xEF7E, 0xEF7E, 0xEF7E, 0xEF7E, 0xE75E, 0xE75D, 0xDF3D,
    0xDF1D, 0xD71C, 0xD6FC, 0xCEBC, 0xCEDC, 0xEF9E, 0xFFFF, 0xFFFF, 0xFFFF, 0xFFFF, 0xFFFF, 0xFFFF, 0xFFFF, 0xFFFF, 0xFFFF, 0xFFFF,
    0xFFFF, 0xFFFF, 0xFFFF, 0xFFFF, 0xFFFF, 0xFFFF, 0xFFFF, 0xFFFF, 0xFFFF, 0xFFFF, 0xFFFF, 0xF7BE, 0xEF9E, 0xF7BF, 0xFFDF, 0xFFFF,
    0xFFFF, 0xFFFF, 0xFFFF, 0xFFFF, 0xFFFF, 0xFFFF, 0xFFFF, 0xFFFF, 0xFFDF, 0xFFDF, 0xF7DF, 0xF7DF, 0xF7BF, 0xF7BF, 0xF7BF, 0xEF9E,
    0xEF9E, 0xEF9E, 0xEF7E, 0xEF7E, 0xEF7E, 0xE77E, 0xE75D, 0xDF3D, 0xDF1D, 0xD6FC, 0xD6FC, 0xD6DC, 0xCEBC, 0xC69B, 0xDF3D, 0xFFFF,
    0xFFFF, 0xFFFF, 0xFFFF, 0xFFFF, 0xFFFF, 0xFFFF, 0xFFFF, 0xFFFF, 0xFFFF, 0xFFFF, 0xFFFF, 0xFFFF, 0xFFFF, 0xFFFF, 0xFFFF, 0xFFFF,
    0xFFFF, 0xFFFF, 0xEF9E, 0xEF7E, 0xF7BF, 0xFFDF, 0xFFFF, 0xFFFF, 0xFFFF, 0xFFFF, 0xFFFF, 0xFFFF, 0xFFFF, 0xFFFF, 0xFFFF, 0xFFFF,
    0xFFDF, 0xFFDF, 0xFFDF, 0xF7DF, 0xF7BF, 0xF7BF, 0xF7BF, 0xF7BF, 0xEF9E, 0xEF9E, 0xEF9E, 0xEF7E, 0xEF7E, 0xE77E, 0xE75D, 0xDF3D,
    0xDF1D, 0xD6FC, 0xD6DC, 0xCEDC, 0xCEBC, 0xCEBB, 0xBE7A, 0xD6FC, 0xFFFF, 0xFFFF, 0xFFFF, 0xFFFF, 0xFFFF, 0xFFFF, 0xFFFF, 0xFFFF,
    0xFFFF, 0xFFFF, 0xFFFF, 0xFFFF, 0xFFFF, 0xFFFF, 0xFFFF, 0xFFFF, 0xFFFF, 0xEF9E, 0xEF7E, 0xF7BF, 0xFFDF, 0xFFFF, 0xFFFF, 0xFFFF,
    0xFFFF, 0xFFFF, 0xFFFF, 0xFFFF, 0xFFFF, 0xFFFF, 0xFFFF, 0xFFDF, 0xFFDF, 0xFFDF, 0xF7BF, 0xF7BF, 0xF7BF, 0xF7BE, 0xEFBE, 0xEF9E,
    0xEF9E, 0xEF7E, 0xEF7E, 0xEF7E, 0xEF7E, 0xE75D, 0xE75D, 0xDF3D, 0xDF1D, 0xD6FC, 0xD6FC, 0xCEBC, 0xCEBB, 0xCE9B, 0xC69B, 0xBE3A,
    0xDF1C, 0xFFFF, 0xFFFF, 0xFFFF, 0xFFFF, 0xFFFF, 0xFFFF, 0xFFFF, 0xFFFF, 0xFFFF, 0xFFFF, 0xFFFF, 0xFFFF, 0xFFFF, 0xFFFF, 0xFFFF,
    0xF7BE, 0xEF7E, 0xF7BF, 0xF7DF, 0xFFDF, 0xFFFF, 0xFFFF, 0xFFFF, 0xFFFF, 0xFFFF, 0xFFFF, 0xFFFF, 0xFFFF, 0xFFFF, 0xFFFF, 0xFFDF,
    0xFFDF, 0xF7DF, 0xF7BF, 0xF7BF, 0xF7BE, 0xEF9E, 0xEF9E, 0xEF9E, 0xEF7E, 0xEF7E, 0xEF7E, 0xEF7E, 0xE75E, 0xE75D, 0xE73D, 0xDF1D,
    0xDF1D, 0xD6FC, 0xD6FC, 0xCEBC, 0xCE9B, 0xC69B, 0xC67B, 0xC67A, 0xB63A, 0xE75D, 0xFFFF, 0xFFFF, 0xFFFF, 0xFFFF, 0xFFFF, 0xFFFF,
    0xFFFF, 0xFFFF, 0xFFFF, 0xFFFF, 0xFFFF, 0xFFFF, 0xFFFF, 0xFFDF, 0xEF7E, 0xEF9E, 0xF7BF, 0xF7DF, 0xFFDF, 0xFFFF, 0xFFFF, 0xFFFF,
    0xFFFF, 0xFFFF, 0xFFFF, 0xFFFF, 0xFFFF, 0xFFDF, 0xFFDF, 0xFFDF, 0xF7BF, 0xF7BF, 0xF7BF, 0xF7BE, 0xEF9E, 0xEF9E, 0xEF9E, 0xEF7E,
    0xEF7E, 0xEF7E, 0xE77E, 0xE75E, 0xE75D, 0xE75D, 0xE73D, 0xDF1D, 0xDF1C, 0xD6FC, 0xD6DC, 0xCEBB, 0xC69B, 0xC67B, 0xBE7A, 0xBE5A,
    0xBE3A, 0xBE5A, 0xFFDF, 0xFFFF, 0xFFFF, 0xFFFF, 0xFFFF, 0xFFFF, 0xFFFF, 0xFFFF, 0xFFFF, 0xFFFF, 0xFFFF, 0xFFFF, 0xFFFF, 0xEF9E,
    0xEF7E, 0xF7BF, 0xF7BF, 0xF7DF, 0xFFDF, 0xFFDF, 0xFFDF, 0xFFFF, 0xFFFF, 0xFFFF, 0xFFFF, 0xFFFF, 0xFFFF, 0xFFDF, 0xFFDF, 0xF7DF,
    0xF7BF, 0xF7BF, 0xF79E, 0xEF9E, 0xEF9E, 0xEF7E, 0xEF7E, 0xEF7E, 0xEF7E, 0xE77E, 0xE75D, 0xE75D, 0xE75D, 0xE73D, 0xE73D, 0xDF1D,
    0xDEFC, 0xD6FC, 0xD6DC, 0xCEBB, 0xC69B, 0xC67B, 0xBE7A, 0xBE5A, 0xBE5A, 0xB619, 0xD6FC, 0xFFFF, 0xFFFF, 0xFFFF, 0xFFFF, 0xFFFF,
    0xFFFF, 0xFFFF, 0xFFFF, 0xFFFF, 0xFFFF, 0xFFFF, 0xFFDF, 0xE77E, 0xEF9E, 0xF7BF, 0xF7BF, 0xF7DF, 0xFFDF, 0xFFDF, 0xFFDF, 0xFFDF,
    0xFFDF, 0xFFFF, 0xFFFF, 0xFFDF, 0xFFDF, 0xFFDF, 0xF7DF, 0xF7BF, 0xF7BF, 0xF7BE, 0xEF9E, 0xEF9E, 0xEF9E, 0xEF7E, 0xEF7E, 0xEF7E,
    0xE75D, 0xE75D, 0xE75D, 0xE75D, 0xE73D, 0xE73D, 0xDF3D, 0xDF3D, 0xDF1D, 0xD6FC, 0xD6FC, 0xCEBB, 0xC69B, 0xC67B, 0xBE5A, 0xBE5A,
    0xBE5A, 0xBE3A, 0xBE3A, 0xFFDF, 0xFFFF, 0xFFFF, 0xFFFF, 0xFFFF, 0xFFFF, 0xFFFF, 0xFFFF, 0xFFFF, 0xFFFF, 0xFFFF, 0xF79E, 0xEF7E,
    0xEF9E, 0xF7BF, 0xF7BF, 0xF7DF, 0xFFDF, 0xFFDF, 0xFFDF, 0xFFDF, 0xFFDF, 0xFFDF, 0xFFDF, 0xFFDF, 0xFFDF, 0xF7DF, 0xF7BF, 0xF7BF,
    0xF7BF, 0xEF9E, 0xEF9E, 0xEF9E, 0xEF7E, 0xEF7E, 0xEF7E, 0xE75D, 0xE75D, 0xE75D, 0xE75D, 0xE73D, 0xE73D, 0xDF3D, 0xDF3D, 0xCE9B,
    0xC65A, 0xCEBC, 0xB5F9, 0xCE9B, 0xC69B, 0xC67A, 0xBE5A, 0xBE5A, 0xBE5A, 0xBE5A, 0xB619, 0xE73D, 0xFFFF, 0xFFFF, 0xFFFF, 0xFFFF,
    0xFFFF, 0xFFFF, 0xFFFF, 0xFFFF, 0xFFFF, 0xFFFF, 0xEF7E, 0xEF7E, 0xEF9E, 0xF7BF, 0xF7BF, 0xF7DF, 0xF7DF, 0xFFDF, 0xFFDF, 0xFFDF,
    0xFFDF, 0xFFDF, 0xFFDF, 0xFFDF, 0xF7DF, 0xF7BF, 0xF7BF, 0xF7BE, 0xEF9E, 0xEF9E, 0xEF9E, 0xEF7E, 0xEF7E, 0xEF7E, 0xE75D, 0xE75D,
    0xE75D, 0xE73D, 0xE73D, 0xDF3D, 0xDF1D, 0xDF1D, 0xDEFC, 0xBE39, 0xCEDC, 0xD6DC, 0xBE3A, 0xBE39, 0xCEBB, 0xC67B, 0xC67A, 0xBE5A,
    0xBE3A, 0xBE5A, 0xB619, 0xC69B, 0xFFFF, 0xFFFF, 0xFFFF, 0xFFFF, 0xFFFF, 0xFFFF, 0xFFFF, 0xFFFF, 0xFFFF, 0xFFDF, 0xE75E, 0xEF7E,
    0xEF9E, 0xF7BF, 0xF7BF, 0xF7BF, 0xF7DF, 0xF7DF, 0xF7DF, 0xF7DF, 0xF7DF, 0xF7DF, 0xF7DF, 0xF7BF, 0xF7BF, 0xF7BF, 0xF7BF, 0xEF9E,
    0xEF9E, 0xEF9E, 0xEF7E, 0xEF7E, 0xEF7E, 0xE75E, 0xE75D, 0xE75D, 0xE75D, 0xE73D, 0xDF3D, 0xDF1D, 0xDF1D, 0xDF1D, 0xD6FC, 0xB619,
    0xD6DC, 0xD6FC, 0xBE5A, 0xBE5A, 0xCE9B, 0xC69B, 0xC67A, 0xBE5A, 0xBE3A, 0xBE3A, 0xB61A, 0xB63A, 0xFFDF, 0xFFFF, 0xFFFF, 0xFFFF,
    0xFFFF, 0xFFFF, 0xFFFF, 0xFFFF, 0xFFFF, 0xF7BE, 0xE75E, 0xEF9E, 0xEF9E, 0xF7BE, 0xF7BF, 0xF7BF, 0xF7DF, 0xF7DF, 0xF7DF, 0xF7DF,
    0xF7DF, 0xF7DF, 0xF7DF, 0xF7BF, 0xF7BF, 0xF7BF, 0xEFBE, 0xEF9E, 0xEF9E, 0xEF9E, 0xEF7E, 0xEF7E, 0xEF7E, 0xE75D, 0xE75D, 0xE75D,
    0xE73D, 0xE73D, 0xDF1D, 0xDF1D, 0xDF1C, 0xD6FC, 0xDF1D, 0x9599, 0x9599, 0xC69B, 0x7D17, 0xB63A, 0xA597, 0xB5F8, 0xC67B, 0xBE5A,
    0xBE3A, 0xBE3A, 0xB63A, 0xADF9, 0xEF7E, 0xFFFF, 0xFFFF, 0xFFFF, 0xFFFF, 0xFFFF, 0xFFFF, 0xFFFF, 0xFFFF, 0xEF9E, 0xE75D, 0xEF7E,
    0xEF9E, 0xF79E, 0xF7BF, 0xF7BF, 0xF7BF, 0xF7BF, 0xF7BF, 0xF7BF, 0xF7BF, 0xF7BF, 0xF7BF, 0xF7BF, 0xF7BF, 0xF7BF, 0xEF9E, 0xEF9E,
    0xEF9E, 0xEF7E, 0xEF7E, 0xEF7E, 0xE77E, 0xE75D, 0xE75D, 0xE73D, 0xE73D, 0xDF3D, 0xDF1D, 0xDF1C, 0xDEFC, 0xD6FC, 0xD6FC, 0xCEDC,
    0x8558, 0x64B6, 0xAE3A, 0xCE9B, 0xA577, 0xB5F9, 0xC67B, 0xBE3A, 0xB63A, 0xB619, 0xB61A, 0xADF9, 0xDF1D, 0xFFFF, 0xFFFF, 0xFFFF,
    0xFFFF, 0xFFFF, 0xFFFF, 0xFFFF, 0xFFFF, 0xEF7E, 0xE75D, 0xEF7E, 0xEF9E, 0xF79E, 0xF7BF, 0xF7BF, 0xF7BF, 0xF7DF, 0xF7DF, 0xF7BF,
    0xF7BF, 0xF7DF, 0xF7BF, 0xF7BF, 0xF7BF, 0xF7BF, 0xEF9E, 0xEF9E, 0xEF9E, 0xEF7E, 0xEF7E, 0xEF7E, 0xE75E, 0xE75D, 0xE75D, 0xE73D,
    0xE73D, 0xDF3D, 0xDF1D, 0xDF1C, 0xDF1C, 0xD6FC, 0xD6FC, 0xD6FC, 0xC69B, 0xA5B8, 0xD6FC, 0xCEBB, 0xB5F9, 0xC67A, 0xBE5A, 0xBE3A,
    0xB619, 0xB619, 0xB61A, 0xADF9, 0xD6DC, 0xFFFF, 0xFFFF, 0xFFFF, 0xFFFF, 0xFFFF, 0xFFFF, 0xFFFF, 0xFFFF, 0xEF7E, 0xE75D, 0xEF7E,
    0xEF9E, 0xF7BF, 0xF7BF, 0xF7BF, 0xF7BF, 0xF7BF, 0xF7BF, 0xF7BF, 0xF7BF, 0xF7BE, 0xF7BE, 0xEF9E, 0xEF9E, 0xEF7E, 0xEF7E, 0xEF7E,
    0xE75E, 0xE75D, 0xE75D, 0xE73D, 0xDF3D, 0xDF3D, 0xDF1D, 0xDF1D, 0xDF1D, 0xDF1C, 0xDEFC, 0xD6FC, 0xD6FC, 0xD6FC, 0xD6DC, 0xCEBC,
    0xCEBB, 0xBE19, 0xB5F9, 0xBE19, 0xBE39, 0xC67B, 0xBE3A, 0xBE3A, 0xB619, 0xB619, 0xB61A, 0xADF9, 0xCEBB, 0xFFFF, 0xFFFF, 0xFFFF,
    0xFFFF, 0xFFFF, 0xFFFF, 0xFFFF, 0xFFFF, 0xE75D, 0xE75D, 0xEF7E, 0xEF9E, 0xEF9E, 0xEF9E, 0xEF9E, 0xEF7E, 0xE75E, 0xE75D, 0xE73D,
    0xDF3D, 0xDF1D, 0xDF1C, 0xDEFC, 0xD6FC, 0xD6FC, 0xD6DC, 0xD6DC, 0xCEBB, 0xCEBB, 0xCEBB, 0xCE9B, 0xCE9B, 0xCE9B, 0xC69B, 0xCE9B,
    0xC69B, 0xC69B, 0xC69B, 0xC69B, 0xC69B, 0xC67B, 0xC67B, 0xC67A, 0xC67A, 0xC67A, 0xBE5A, 0xBE5A, 0xC67A, 0xBE5A, 0xBE3A, 0xB63A,
    0xB61A, 0xB619, 0xB619, 0xADF9, 0xC69B, 0xFFFF, 0xFFFF, 0xFFFF, 0xFFFF, 0xFFFF, 0xFFFF, 0xFFFF, 0xFFFF, 0xE75D, 0xDF1D, 0xDF3D,
    0xDF1D, 0xDEFC, 0xD6FC, 0xD6DC, 0xCEBB, 0xCEBB, 0xC69B, 0xC69B, 0xBE7B, 0xBE7B, 0xBE7B, 0xBE5B, 0xB65A, 0xB63A, 0xB63A, 0xB61A,
    0xAE19, 0xAE19, 0xADF9, 0xADF9, 0xADF9, 0xADF9, 0xADD9, 0xADF9, 0xADF9, 0xAE19, 0xAE19, 0xAE1A, 0xAE1A, 0xB63A, 0xB63A, 0xB63A,
    0xB63A, 0xB65A, 0xB65A, 0xB63A, 0xB619, 0xB619, 0xB5F9, 0xB5F9, 0xB619, 0xB619, 0xB61A, 0xADF9, 0xCEBB, 0xFFFF, 0xFFFF, 0xFFFF,
    0xFFFF, 0xFFFF, 0xFFFF, 0xFFFF, 0xFFFF, 0xE75E, 0xCEBB, 0xCEBC, 0xC67B, 0xBE7B, 0xB65B, 0xB61A, 0xADF9, 0xADB7, 0xA576, 0xA514,
    0x9CD3, 0x9CB2, 0x9C91, 0x9C50, 0x9C2F, 0x9C0E, 0x93ED, 0x93AC, 0x93AC, 0x938B, 0x936B, 0x936A, 0x934A, 0x8B4A, 0x8B2A, 0x8B2A,
    0x8B4A, 0x8B4A, 0x8B4B, 0x8B8C, 0x8BAC, 0x93CD, 0x8BCE, 0x940F, 0x9430, 0x9471, 0x9CD3, 0x9D15, 0x9D56, 0xA598, 0xA5D9, 0xA5F9,
    0xADF9, 0xADF9, 0xADF9, 0xADD9, 0xE73D, 0xFFFF, 0xFFFF, 0xFFFF, 0xFFFF, 0xFFFF, 0xFFFF, 0xFFFF, 0xFFFF, 0xFFDF, 0xCEBB, 0xB619,
    0xADD8, 0x9CD3, 0x93EE, 0x938C, 0x934A, 0x9B49, 0x9B28, 0x9B28, 0x9B48, 0xA389, 0xABA9, 0xABA9, 0xABA9, 0xABA9, 0xA368, 0xA368,
    0xA348, 0xA327, 0xA327, 0xA327, 0xA306, 0x9AE6, 0x9AE6, 0x92A5, 0x9AC5, 0x9285, 0x8A64, 0x9264, 0x8A44, 0x8A23, 0x81E3, 0x81E3,
    0x79C2, 0x79A2, 0x71A3, 0x71C3, 0x7205, 0x7A87, 0x832B, 0x8BCF, 0x9CD3, 0x9D97, 0xA598, 0xCE9B, 0xFFFF, 0xFFFF, 0xFFFF, 0xFFFF,
    0xFFFF, 0xFFFF, 0xFFFF, 0xFFFF, 0xFFFF, 0xFFFF, 0xFFDF, 0xD71D, 0xA491, 0x8A85, 0x92C6, 0xA327, 0xAB89, 0xB40B, 0xBC2B, 0xBC6C,
    0xC4AE, 0xCD0F, 0xCD0F, 0xCD0F, 0xCCEE, 0xCCEE, 0xC48C, 0xC46C, 0xBC6B, 0xBC2B, 0xBC2A, 0xBC2A, 0xBBEA, 0xB3C9, 0xB3C9, 0xAB88,
    0xAB88, 0xAB68, 0xA307, 0xA327, 0xA327, 0xA306, 0x92A5, 0x92A5, 0x9265, 0x8224, 0x8203, 0x79E3, 0x79E3, 0x79C3, 0x79C3, 0x81E3,
    0x8224, 0xB555, 0xDF3D, 0xFFFF, 0xFFFF, 0xEF7D, 0xDF1C, 0xDF1C, 0xFFFF, 0xFFFF, 0xFFFF, 0xFFFF, 0xFFFF, 0xFFFF, 0xFFFF, 0xFFFF,
    0xC510, 0xAB68, 0xB3EA, 0xBC6B, 0xC4AD, 0xCD2F, 0xD54F, 0xD54F, 0xDDB1, 0xE612, 0xE5F2, 0xDDD1, 0xDD90, 0xDD8F, 0xD52E, 0xD50E,
    0xD4ED, 0xCCCC, 0xCCAC, 0xCC8B, 0xC46B, 0xC42A, 0xBC0A, 0xBBE9, 0xB3C9, 0xB3C9, 0xAB67, 0xAB67, 0xAB67, 0xAB47, 0xA2E6, 0x9AC5,
    0x9AA5, 0x8A44, 0x8A44, 0x8A44, 0x8245, 0x8A65, 0x8A85, 0x92A6, 0x8A64, 0xD5F5, 0xFFFF, 0xFFFF, 0xC65A, 0x9536, 0x9597, 0x9597,
    0xFFFF, 0xFFFF, 0xFFFF, 0xFFFF, 0xFFFF, 0xFFFF, 0xFFFF, 0xFFFF, 0xC4CF, 0xBC0A, 0xC48B, 0xCCCD, 0xD50E, 0xDD70, 0xDD90, 0xDDD1,
    0xE612, 0xE653, 0xE633, 0xE612, 0xE5B0, 0xDD8F, 0xD52E, 0xD52E, 0xD4ED, 0xCCCC, 0xCCAC, 0xCC8B, 0xCC8B, 0xC44A, 0xC409, 0xBC09,
    0xBBC9, 0xBBC9, 0xAB67, 0xAB67, 0xAB67, 0xAB46, 0xA306, 0xA2E6, 0x9AC6, 0x9285, 0x9285, 0x8AA6, 0x8AA6, 0x8AC7, 0x92E7, 0x9328,
    0x92E6, 0xC552, 0xFFFF, 0xEF9E, 0x9D56, 0x85DA, 0x555A, 0x5D7A, 0xFFFF, 0xFFFF, 0xFFFF, 0xFFFF, 0xFFFF, 0xFFFF, 0xFFFF, 0xFFDE,
    0xC4AD, 0xC44A, 0xCCAC, 0xD4ED, 0xD52E, 0xDD6F, 0xDD8F, 0xE5D1, 0xE612, 0xEE33, 0xE633, 0xE612, 0xDDB0, 0xE5B0, 0xDD6F, 0xD52E,
    0xD4ED, 0xCCCC, 0xCCAC, 0xCC8B, 0xCC8B, 0xC44A, 0xBC09, 0xBC09, 0xBBC9, 0xBBC9, 0xB388, 0xAB47, 0xAB47, 0xAB47, 0xA326, 0x9AE6,
    0x9AE6, 0x92C6, 0x92C7, 0x9308, 0x8B08, 0x8B49, 0x938A, 0x9BAB, 0x9369, 0xB511, 0xF7FF, 0xEFBE, 0x9D76, 0x7D38, 0x4C37, 0x5477,
    0xFFFF, 0xFFFF, 0xFFFF, 0xFFFF, 0xFFFF, 0xFFFF, 0xFFFF, 0xF79D, 0xC46B, 0xC44A, 0xCCAC, 0xD4ED, 0xD54F, 0xDD6F, 0xDD8F, 0xE5D1,
    0xE612, 0xEE53, 0xEE33, 0xE612, 0xE5F1, 0xCCED, 0xBC6C, 0xDD4E, 0xD50D, 0xD4ED, 0xCCAC, 0xCC6B, 0xCC8B, 0xC46A, 0xBC09, 0xC409,
    0xBBE9, 0xBBC9, 0xB388, 0xAB47, 0xAB68, 0x92C6, 0x8A85, 0x9AE6, 0x9B07, 0x9308, 0x9329, 0x938A, 0x8B8A, 0x8BCC, 0x940C, 0x942D,
    0x940C, 0xA511, 0xE7FF, 0xEFFF, 0xBE7A, 0x9536, 0x9D57, 0x9D77, 0xFFFF, 0xFFFF, 0xFFFF, 0xFFFF, 0xFFFF, 0xFFFF, 0xFFFF, 0xF77C,
    0xBC2B, 0xC44A, 0xCCAC, 0xD50E, 0xD54F, 0xDD6F, 0xDD8F, 0xE5D1, 0xE612, 0xE633, 0xE633, 0xEE33, 0xC4EE, 0x9329, 0x5142, 0x8286,
    0xD50D, 0xD4ED, 0xCCAC, 0xCC6B, 0xCC8B, 0xC46B, 0xC409, 0xC409, 0xBBE9, 0xBBC9, 0xB388, 0xAB67, 0x92E6, 0x82A7, 0x5963, 0x61A3,
    0x9B48, 0x9369, 0x938B, 0x8C2D, 0x8D14, 0x9DB7, 0x8D55, 0x84F3, 0x8490, 0x9532, 0xD7FF, 0xDFFF, 0xE7FF, 0xD79E, 0xD73D, 0xDF5D,
    0xFFFF, 0xFFFF, 0xFFFF, 0xFFFF, 0xFFFF, 0xFFFF, 0xFFFF, 0xEF3B, 0xBC0A, 0xC44A, 0xCCCC, 0xD50E, 0xD56F, 0xDD6F, 0xDD90, 0xE5B1,
    0xE612, 0xE633, 0xE613, 0xEE53, 0x9308, 0x7225, 0x5963, 0x4922, 0xC48C, 0xD50D, 0xCCAC, 0xCC6B, 0xCC8B, 0xC46B, 0xC40A, 0xC40A,
    0xBBE9, 0xB3C8, 0xB388, 0xAB67, 0x7224, 0x69E5, 0x5963, 0x4902, 0x8B08, 0x9BCB, 0x93EC, 0x8D55, 0xDF7F, 0xF7FF, 0xE7BF, 0xC71E,
    0xA69B, 0x9619, 0x9EDD, 0xAF3E, 0xB79F, 0xD7FF, 0xE7FF, 0xEFFF, 0xFFFF, 0xFFFF, 0xFFFF, 0xFFFF, 0xFFFF, 0xFFFF, 0xFFFF, 0xEEFA,
    0xBC09, 0xC44A, 0xCCAC, 0xD50D, 0xD54F, 0xDD70, 0xDD90, 0xDDB1, 0xE612, 0xE612, 0xE612, 0xEE53, 0xA3CA, 0x48C0, 0x40E2, 0x6A06,
    0xCCCD, 0xD4ED, 0xCCAC, 0xC46B, 0xCC8B, 0xC46A, 0xBC0A, 0xBC09, 0xBC09, 0xB3A8, 0xB388, 0xAB67, 0x8A85, 0x40C1, 0x4902, 0x59C5,
    0x934A, 0x9C0C, 0x8C6F, 0xAE9B, 0xDF9F, 0xD77E, 0xEFDF, 0xFFFF, 0xEF7E, 0xD73E, 0xC6FD, 0xB6BD, 0xA69C, 0x967C, 0xA6FD, 0xD7DF,
    0xFFFF, 0xFFFF, 0xFFFF, 0xFFFF, 0xFFFF, 0xFFFF, 0xFFFF, 0xEED9, 0xBBE9, 0xC44B, 0xCCAC, 0xD4ED, 0xD54F, 0xDD70, 0xDD90, 0xDDB1,
    0xE5F2, 0xE612, 0xE612, 0xE5F1, 0xDDB0, 0xA3AA, 0x8B08, 0xC46C, 0xD50D, 0xD4ED, 0xCCAC, 0xC48B, 0xCC8B, 0xCC8B, 0xC42A, 0xBC09,
    0xBC09, 0xB3A8, 0xB388, 0xAB47, 0xAB68, 0x8286, 0x7226, 0x8B08, 0x93CB, 0x944E, 0x84F3, 0xC73E, 0x8EDE, 0x6E9E, 0x86FE, 0x9F3E,
    0xB75E, 0xC75E, 0xD73D, 0xF7BF, 0xF7BF, 0xEF7E, 0xBEDD, 0x8E3C, 0xFFFF, 0xFFFF, 0xFFFF, 0xFFFF, 0xFFFF, 0xFFFF, 0xFFFF, 0xEED9,
    0xBBE9, 0xC44B, 0xCCAC, 0xD4ED, 0xD52F, 0xDD6F, 0xDD90, 0xDDB0, 0xE5F2, 0xE5F2, 0xE5F2, 0xE5D1, 0xDDB0, 0xE58F, 0xDD6F, 0xD52E,
    0xD50D, 0xD50D, 0xCCCC, 0xCCAC, 0xD4CC, 0xBC0A, 0xB3A9, 0xBC0A, 0xC409, 0xB388, 0xB388, 0xAB47, 0xA347, 0xAB68, 0xA389, 0x9BAA,
    0x940C, 0x948F, 0x8D97, 0xBF3E, 0x769D, 0x76BE, 0x6EBE, 0x66DE, 0x66DE, 0x6EFE, 0x7F1E, 0x973E, 0xBF7E, 0xD79E, 0xEFBF, 0x961C,
    0xFFFF, 0xFFFF, 0xFFFF, 0xFFFF, 0xFFFF, 0xFFFF, 0xFFFF, 0xDEDA, 0xB3EA, 0xCC4A, 0xCC8C, 0xCCED, 0xD50E, 0xDD6F, 0xDD6F, 0xDD90,
    0xE5D1, 0xE5D1, 0xE5F1, 0xE5D1, 0xDD90, 0xD54E, 0xD52E, 0xD52E, 0xD50D, 0xD4ED, 0xD4ED, 0xB3EA, 0x69E3, 0x5962, 0x5962, 0x6183,
    0xA348, 0xB3A8, 0xAB88, 0xAB47, 0xA348, 0xA368, 0x9B89, 0x9BCB, 0x944D, 0x84D1, 0x9E3A, 0xA71E, 0x665D, 0x6EBE, 0x6EBE, 0x6EDE,
    0x6EFE, 0x6EFE, 0x5EFE, 0x5EFE, 0x4EDE, 0x1E9E, 0x973E, 0x961C, 0xFFFF, 0xFFFF, 0xFFFF, 0xFFFF, 0xFFFF, 0xFFFF, 0xEFDF, 0x655A,
    0x5455, 0x9C4E, 0xCC8B, 0xD4ED, 0xD50E, 0xD54F, 0xDD4F, 0xDD90, 0xDDB1, 0xE5D1, 0xE5D1, 0xE5D0, 0xDD90, 0xD54E, 0xD54E, 0xD50E,
    0xD50D, 0xD4ED, 0xD50D, 0x9B48, 0x82A6, 0xBC2A, 0xB3EA, 0x8AA6, 0xA348, 0xB3A8, 0xAB88, 0xAB47, 0xA368, 0xA389, 0xA3AA, 0x9BEC,
    0x946E, 0x7D13, 0xAEDD, 0x86BE, 0x5E5E, 0x669E, 0x66BE, 0x66DE, 0x66DE, 0x66FE, 0x6EFE, 0x5EFF, 0x26BF, 0x169E, 0x9F1E, 0x6D5A,
    0xFFFF, 0xFFFF, 0xFFFF, 0xFFFF, 0xFFFF, 0xF7DF, 0x75FB, 0x451A, 0x3C98, 0x44D9, 0x74D4, 0xB4AE, 0xD4CC, 0xDD4E, 0xD54E, 0xD56F,
    0xDD90, 0xDDB0, 0xE5B0, 0xE5B0, 0xDD90, 0xD52E, 0xD52E, 0xD50D, 0xCCED, 0xD4ED, 0xCCCC, 0xCCAC, 0xD4CC, 0xCC8B, 0xC42A, 0xCC4A,
    0xBBE9, 0xAB68, 0xAB68, 0xA347, 0xA368, 0xA389, 0x9BCB, 0x942D, 0x94D0, 0x8576, 0xB6FE, 0x663D, 0x5E5E, 0x667E, 0x5E9E, 0x5EBE,
    0x66DE, 0x66FF, 0x5EFF, 0x2EBE, 0x169F, 0x3EDE, 0xA6BD, 0x54B8, 0xFFFF, 0xFFFF, 0xFFFF, 0xFFFF, 0xFFFF, 0x7E1B, 0x455B, 0x4D3A,
    0x4478, 0x4CF9, 0x451A, 0x4D19, 0x84D3, 0xBCCE, 0xDCED, 0xDD2E, 0xDD6F, 0xDD90, 0xDD90, 0xDDB0, 0xDD90, 0xD52E, 0xD50D, 0xD4ED,
    0xCCCC, 0xCCCC, 0xCCAC, 0xC46B, 0xC44B, 0xC44B, 0xBC09, 0xBBE9, 0xBBC9, 0xAB68, 0xAB68, 0xA347, 0xA368, 0xA3AA, 0x9BEC, 0x946E,
    0x8CF1, 0x9E19, 0xAEFE, 0x55FD, 0x5E3E, 0x5E5E, 0x5E7E, 0x5E9E, 0x5EBF, 0x56DF, 0x2E9E, 0x269F, 0x167E, 0x771E, 0x95FB, 0x54D8,
    0xFFFF, 0xFFFF, 0xFFFF, 0xFFFF, 0x9E9C, 0x3D1A, 0x4D5A, 0x44D9, 0x3C58, 0x44B9, 0x4D19, 0x4D5A, 0x455B, 0x5D38, 0x8CF3, 0xC4EE,
    0xDD2E, 0xDD6F, 0xDD6F, 0xDD90, 0xDD6F, 0xD52E, 0xD4ED, 0xD4ED, 0xCCCC, 0xCCAC, 0xCC8B, 0xC46B, 0xC44A, 0xC44A, 0xBBE9, 0xBC09,
    0xBBC9, 0xAB68, 0xAB88, 0xA347, 0xA369, 0x9BAA, 0x9C2C, 0x948F, 0x8513, 0xB69B, 0x969E, 0x4DBD, 0x561E, 0x563E, 0x565E, 0x567F,
    0x4E9F, 0x2E5E, 0x267E, 0x267E, 0x1E5E, 0xA71E, 0x6D19, 0x75DB, 0xFFFF, 0xFFFF, 0xFFFF, 0xEFBE, 0x4D3A, 0x453A, 0x44D9, 0x3C58,
    0x3C58, 0x3C78, 0x3CB9, 0x4D19, 0x555A, 0x4D7B, 0x4D7B, 0x5D59, 0x8D33, 0xC4EE, 0xDD0D, 0xDD6F, 0xDD6F, 0xD50D, 0xCCED, 0xD4ED,
    0xCCAC, 0xCCAB, 0xC46B, 0xC46B, 0xC42A, 0xC42A, 0xBBC9, 0xBBE9, 0xB3A8, 0xAB68, 0xAB68, 0xA348, 0xA389, 0x9BCA, 0x9C2D, 0x94D0,
    0x7D55, 0xBEFD, 0x75FD, 0x4DBE, 0x55FE, 0x4DFE, 0x563E, 0x463E, 0x261E, 0x263E, 0x263E, 0x1E3E, 0x3E5E, 0xAEDD, 0x6476, 0xA69A,
    0xFFFF, 0xFFFF, 0xFFFF, 0xFFFF, 0x7DDB, 0x3CB9, 0x4477, 0x33F6, 0x3C37, 0x3C78, 0x3CB9, 0x44D9, 0x4519, 0x4D5A, 0x557A, 0x559B,
    0x4D9B, 0x5D79, 0x8D34, 0xBD0F, 0xD4ED, 0xD4CC, 0xCCCC, 0xCCCC, 0xCCAC, 0xCC8B, 0xC44B, 0xC44B, 0xBC0A, 0xBC09, 0xB3C9, 0xBBE9,
    0xB3A8, 0xAB68, 0xAB68, 0xA368, 0xA389, 0x9BCB, 0x84B0, 0x6577, 0x75FA, 0xBEDD, 0x557D, 0x559E, 0x4DBE, 0x4DDE, 0x45FE, 0x2DBE,
    0x25DE, 0x25FE, 0x25FE, 0x1DDD, 0x667D, 0x963C, 0x83EF, 0xBC0A, 0xFFFF, 0xFFFF, 0xFFFF, 0xFFFF, 0xBCF0, 0x53F3, 0x3438, 0x3395,
    0x3C17, 0x3C78, 0x44B9, 0x44F9, 0x4519, 0x4519, 0x4539, 0x4D5A, 0x557A, 0x559B, 0x4D9B, 0x5D9A, 0x8535, 0xACAF, 0xC44B, 0xCC8B,
    0xCCAB, 0xCC8B, 0xC42A, 0xC44A, 0xBC09, 0xBBE9, 0xB3C9, 0xBBE9, 0xB3A8, 0xB367, 0xB347, 0xA389, 0x842E, 0x5CD5, 0x4559, 0x3D9A,
    0x963B, 0xA67E, 0x451D, 0x4D7E, 0x4D9E, 0x459E, 0x2D7D, 0x259E, 0x25BE, 0x25BE, 0x25BE, 0x1D9D, 0x867D, 0x8D37, 0x83CD, 0xBBC9,
    0xFFFF, 0xFFFF, 0xFFFF, 0xEF3B, 0xBC09, 0xA369, 0x5370, 0x2354, 0x2B95, 0x3C78, 0x3C98, 0x44D9, 0x4519, 0x453A, 0x4539, 0x4519,
    0x4539, 0x4D5A, 0x557A, 0x559B, 0x55BB, 0x5D9A, 0x7537, 0x9CD1, 0xBC6C, 0xCC2A, 0xC409, 0xC42A, 0xBC0A, 0xBBE9, 0xBBC9, 0xBBC8,
    0xB367, 0xA389, 0x842F, 0x5CB5, 0x44F9, 0x3CF9, 0x4559, 0x4579, 0xAE7C, 0x759D, 0x3CDD, 0x4D3E, 0x455E, 0x353D, 0x2D3D, 0x2D5D,
    0x2D5D, 0x2D7D, 0x255D, 0x3CD8, 0xACAF, 0xC46B, 0xC44B, 0xBC0A, 0xFFFF, 0xFFFF, 0xFFFF, 0xDE35, 0xC44A, 0xB3A9, 0x9285, 0x7BAE,
    0x64F8, 0x3437, 0x3C99, 0x44D9, 0x44F9, 0x4519, 0x453A, 0x453A, 0x453A, 0x4519, 0x4519, 0x4D5A, 0x557A, 0x559A, 0x559B, 0x559B,
    0x6558, 0x84D3, 0xA40C, 0xBBC9, 0xBBA8, 0xB387, 0xAB89, 0x940D, 0x7493, 0x54D7, 0x44D9, 0x3CB9, 0x44D8, 0x44F8, 0x3D59, 0x5579,
    0xB67D, 0x44BD, 0x44BD, 0x44FD, 0x34DD, 0x34FD, 0x351D, 0x2D1D, 0x2D3D, 0x2D3D, 0x2C99, 0x942E, 0xCC8B, 0xCCCC, 0xCC8B, 0xC42A,
    0xFFFF, 0xFFFF, 0xFFFF, 0xD571, 0xC44B, 0xB3C9, 0x9285, 0xDDD4, 0xDF9F, 0x33F6, 0x3C78, 0x44B9, 0x44F9, 0x451A, 0x451A, 0x453A,
    0x4D3A, 0x4D5A, 0x4D3A, 0x4519, 0x4519, 0x4539, 0x4D5A, 0x555A, 0x4D5A, 0x455B, 0x4D19, 0x64B5, 0x8C2F, 0x8450, 0x64D6, 0x4CF9,
    0x44D9, 0x44B8, 0x4498, 0x4498, 0x3CB8, 0x3CF8, 0x3D59, 0x75BA, 0xA61D, 0x341C, 0x3C7D, 0x3C7D, 0x349D, 0x34BD, 0x34DD, 0x34FD,
    0x2CFD, 0x24BC, 0x4C14, 0xBC2B, 0xCCCD, 0xCCAC, 0xCC6B, 0xC42A, 0xFFFF, 0xFFFF, 0xFFFF, 0xCCEE, 0xC42A, 0xAB88, 0x9AE6, 0xEF1B,
    0xF7DF, 0x4C77, 0x3C58, 0x44B9, 0x44D9, 0x44FA, 0x451A, 0x451A, 0x4D3A, 0x4D3A, 0x4D3A, 0x4D3A, 0x4D3A, 0x4519, 0x44F9, 0x44D9,
    0x44F9, 0x44F9, 0x4D3A, 0x4D7B, 0x4D5B, 0x4D1A, 0x44F9, 0x4CB8, 0x4498, 0x3C58, 0x3437, 0x3458, 0x3CB8, 0x4539, 0x3D59, 0x9E3B,
    0x7D7D, 0x2BDC, 0x3C3D, 0x343D, 0x347D, 0x347D, 0x349D, 0x34BD, 0x34BC, 0x245A, 0x5BB2, 0xC44A, 0xCCAC, 0xC46B, 0xC42A, 0xBBE9,
    0xFFFF, 0xFFFF, 0xFFBD, 0xC44B, 0xBC0A, 0xB388, 0xA327, 0xEF5C, 0xFFFF, 0x6D18, 0x3417, 0x4499, 0x44D9, 0x44F9, 0x451A, 0x451A,
    0x451A, 0x451A, 0x451A, 0x453A, 0x451A, 0x4D3A, 0x4519, 0x44F9, 0x3CB9, 0x3C98, 0x3C98, 0x44B9, 0x4CD9, 0x4CD9, 0x4498, 0x3C58,
    0x3417, 0x3438, 0x3C58, 0x3C98, 0x3CD8, 0x4559, 0x4D59, 0xB65C, 0x441C, 0x2B9D, 0x33FD, 0x3C1D, 0x3C3C, 0x345C, 0x345C, 0x347C,
    0x349C, 0x2C3A, 0x5392, 0xBC0A, 0xC46B, 0xC44A, 0xBBE9, 0xB3C9, 0xFFFF, 0xFFFF, 0xD5B3, 0xC42A, 0xC44A, 0xBBE9, 0xAB67, 0xAC0B,
    0xFFBE, 0xA63B, 0x2BD6, 0x4499, 0x44B9, 0x44D9, 0x44FA, 0x451A, 0x451A, 0x451A, 0x451A, 0x451A, 0x451A, 0x451A, 0x44F9, 0x44F9,
    0x44D9, 0x44D9, 0x3C98, 0x3458, 0x3C58, 0x3C58, 0x3438, 0x3C58, 0x3C58, 0x3C78, 0x3C78, 0x3C98, 0x3CF9, 0x3D79, 0x5D59, 0xCEDD,
    0x751C, 0x441C, 0x33BC, 0x2B9C, 0x2BBC, 0x33FC, 0x343C, 0x345D, 0x3C5C, 0x2C1A, 0x5416, 0xABCA, 0xAB47, 0xAB68, 0xAB47, 0xA306,
    0xFFFF, 0xF77D, 0xC48B, 0xCCAC, 0xBC4B, 0xB3E9, 0xBBC9, 0xAB26, 0xBC8D, 0xD75D, 0x3BF6, 0x3C58, 0x3C99, 0x44B9, 0x44D9, 0x44FA,
    0x44FA, 0x44FA, 0x44FA, 0x44FA, 0x44FA, 0x44FA, 0x44F9, 0x44F9, 0x44D9, 0x44B9, 0x3CB8, 0x3C98, 0x3C78, 0x3C78, 0x3C78, 0x3C78,
    0x3C58, 0x3C58, 0x3C78, 0x3CB8, 0x3CF9, 0x3D39, 0x7579, 0xE77E, 0xDF7E, 0xD73E, 0xB67D, 0x8D9D, 0x64BC, 0x3C1C, 0x2BBC, 0x2BBC,
    0x33FC, 0x33FB, 0x8D7A, 0x6391, 0x8309, 0x92E7, 0x92E7, 0xB48E, 0xFFFF, 0xEEF9, 0xC48C, 0xCCED, 0xBC2B, 0xB3C9, 0xAB88, 0xB388,
    0xA2E6, 0xCDB3, 0x6519, 0x3417, 0x4498, 0x4499, 0x44B9, 0x44D9, 0x44D9, 0x44D9, 0x44D9, 0x44D9, 0x44D9, 0x44D9, 0x44D9, 0x44D9,
    0x44B9, 0x44B9, 0x3C98, 0x3C78, 0x3C78, 0x3C78, 0x3C78, 0x3C78, 0x3C58, 0x3C58, 0x3C78, 0x3C98, 0x3CD8, 0x3D39, 0x5D18, 0xDF5E,
    0xEFBF, 0xE77E, 0xE77E, 0xDF3D, 0xC6BC, 0xC6DD, 0xAE5D, 0x857C, 0x5C9C, 0x547B, 0xAE3C, 0x3313, 0x963A, 0xD73C, 0xDF3C, 0xF7FF,
    0xFFFF, 0xEED9, 0xC48C, 0xCCED, 0xBC2A, 0xB3C9, 0xAB68, 0xA348, 0x9AC5, 0xC4CF, 0xAE7C, 0x2BD7, 0x4498, 0x4478, 0x4499, 0x4499,
    0x44B9, 0x44B9, 0x44B9, 0x44B9, 0x44B9, 0x44B9, 0x44B9, 0x44B9, 0x4499, 0x4498, 0x3C78, 0x3C78, 0x3C78, 0x3C78, 0x3C58, 0x3C58,
    0x3C58, 0x3C38, 0x3C58, 0x3C78, 0x3C98, 0x3CF8, 0x3CB8, 0x6497, 0xA5FB, 0xCEDD, 0xE77E, 0xDF5E, 0xCEDC, 0xDF5E, 0xE77E, 0xE77E,
    0xDF5E, 0xDF5E, 0x95BA, 0x3B74, 0xC79F, 0xDFFF, 0xEFFF, 0xF7FF, 0xFFFF, 0xF73B, 0xC46B, 0xCCAC, 0xBC2A, 0xB3A9, 0xA347, 0xA389,
    0xE6B8, 0xF79D, 0xF7BF, 0x4C37, 0x23D7, 0x3C79, 0x3C78, 0x3C78, 0x3C78, 0x4478, 0x4498, 0x4498, 0x4498, 0x4498, 0x3C98, 0x4498,
    0x4478, 0x3C78, 0x3C78, 0x3C58, 0x3C58, 0x3C58, 0x3C58, 0x3C38, 0x3C38, 0x3C38, 0x3C37, 0x3C37, 0x3C57, 0x3C77, 0x3CB7, 0x3436,
    0x33D5, 0x43D6, 0x5C57, 0x8539, 0xAE3B, 0xCEFD, 0xE77E, 0xE79E, 0xE79E, 0xEFBF, 0x5C57, 0x5C76, 0xDFFF, 0xE7DF, 0xEFFF, 0xFFFF,
    0xFFFF, 0xFFFF, 0xC4AE, 0xBC09, 0xBC0A, 0xB3C9, 0x9B06, 0xABCB, 0xFFFF, 0xFFFF, 0xFFFF, 0xD73D, 0x7D38, 0x4393, 0x3BB5, 0x33F6,
    0x3417, 0x3438, 0x3458, 0x3C78, 0x3C78, 0x3C78, 0x3C78, 0x3C78, 0x3C78, 0x3C78, 0x3C78, 0x4478, 0x3C79, 0x3C59, 0x3C58, 0x3C38,
    0x3C38, 0x3C18, 0x3417, 0x3417, 0x3417, 0x3417, 0x3436, 0x3497, 0x3CD8, 0x3CD7, 0x4496, 0x4414, 0x4BD4, 0x4BF5, 0x5C56, 0x8538,
    0xA61B, 0x7D19, 0x22D2, 0x961A, 0xE7FF, 0xE7DF, 0xF7FF, 0xFFFF, 0xFFFF, 0xFFFF, 0xEEFA, 0xB40A, 0xA347, 0x9B06, 0x92C6, 0xD616,
    0xFFFF, 0xFFFF, 0xFFFF, 0xFFFF, 0xFFFF, 0xCDF6, 0x7225, 0x7288, 0x62CB, 0x5AEC, 0x52EE, 0x4B30, 0x4351, 0x4372, 0x3B93, 0x3BB4,
    0x3BD5, 0x3BD5, 0x3BD5, 0x3BD6, 0x3BD5, 0x3BD5, 0x3BB5, 0x3B94, 0x3B74, 0x3B73, 0x3B52, 0x3B31, 0x4331, 0x4330, 0x4B50, 0x536F,
    0x5B6E, 0x63EF, 0x7C4F, 0x8CD1, 0xBF5D, 0xBF7E, 0x963B, 0x6D18, 0x5436, 0x43B4, 0x7D78, 0xD7DF, 0xE7DF, 0xEFFF, 0xFFFF, 0xFFFF,
    0xFFFF, 0xFFFF, 0xFFFF, 0xF79D, 0xDE36, 0xD5D4, 0xEEFA, 0xFFFF, 0xFFFF, 0xFFFF, 0xFFFF, 0xFFFF, 0xFFDF, 0xFFFF, 0xD5D5, 0x8A44,
    0x9264, 0x9285, 0x9264, 0x8A44, 0x8245, 0x8245, 0x7A46, 0x7A46, 0x7266, 0x7247, 0x7267, 0x7267, 0x7247, 0x7226, 0x6A26, 0x69E5,
    0x69C5, 0x69E4, 0x69C4, 0x69C4, 0x71E4, 0x7204, 0x7A45, 0x7A86, 0x82E8, 0x8329, 0x8BCC, 0xCEDA, 0xDFFF, 0xDFFF, 0xDFFF, 0xDFFF,
    0xD7DF, 0xD7DF, 0xDFFF, 0xE7DF, 0xEFFF, 0xF7FF, 0xFFFF, 0xFFFF, 0xFFFF, 0xFFFF, 0xFFFF, 0xFFFF, 0xFFFF, 0xFFFF, 0xFFFF, 0xFFFF,
    0xFFFF, 0xFFFF, 0xFFFF, 0xFFFF, 0xFFFF, 0xFFDF, 0xFFFF, 0xDE57, 0x92E7, 0x8A85, 0x9B07, 0x92C6, 0x92A6, 0x92A6, 0x92A5, 0x9285,
    0x92A5, 0x9285, 0x9264, 0x9284, 0x9244, 0x8A44, 0x8A44, 0x8203, 0x81E3, 0x81E3, 0x79E3, 0x79E4, 0x79E4, 0x7A25, 0x8266, 0x82A7,
    0x82A7, 0x938B, 0xDEFA, 0xEFFF, 0xE7DF, 0xE7DF, 0xE7DF, 0xE7DF, 0xE7DF, 0xE7FF, 0xE7DF, 0xEFFF, 0xF7FF, 0xFFFF, 0xFFFF, 0xFFFF,
    0xFFFF, 0xFFFF, 0xFFFF, 0xFFFF, 0xFFFF, 0xFFFF, 0xFFFF, 0xFFFF, 0xFFFF, 0xFFFF, 0xFFFF, 0xFFFF, 0xFFFF, 0xFFFF, 0xFFFF, 0xFFFF,
    0xEF3B, 0xABEC, 0x8A44, 0x92A5, 0x92A6, 0x8AA6, 0x92A6, 0x8A86, 0x92A6, 0x92A6, 0x8A65, 0x9285, 0x8A65, 0x8A65, 0x8A65, 0x8224,
    0x8204, 0x7A04, 0x7A04, 0x7A04, 0x8224, 0x8245, 0x8245, 0x8A65, 0xB46F, 0xF77D, 0xFFFF, 0xF7FF, 0xF7FF, 0xF7FF, 0xF7FF, 0xF7FF,
    0xEFFF, 0xF7FF, 0xF7FF, 0xF7FF, 0xFFFF, 0xFFFF, 0xFFFF, 0xFFFF, 0xFFFF, 0xFFFF, 0xFFFF, 0xFFFF, 0xFFFF, 0xFFFF, 0xFFFF, 0xFFFF,
    0xFFFF, 0xFFFF, 0xFFFF, 0xFFFF, 0xFFFF, 0xFFFF, 0xFFFF, 0xFFFF, 0xFFFF, 0xFFFF, 0xCDB4, 0x92E7, 0x8224, 0x8244, 0x8A65, 0x8A85,
    0x8265, 0x8A65, 0x8244, 0x8244, 0x8244, 0x8224, 0x8224, 0x8204, 0x8204, 0x79E4, 0x7A04, 0x7A04, 0x79E3, 0x79E3, 0x9B49, 0xD637,
    0xFFFF, 0xFFFF, 0xFFFF, 0xFFFF, 0xFFFF, 0xFFFF, 0xFFFF, 0xFFFF, 0xFFFF, 0xFFFF, 0xFFFF, 0xFFFF, 0xFFFF, 0xFFFF, 0xFFFF, 0xFFFF,
    0xFFFF, 0xFFFF, 0xFFFF, 0xFFFF, 0xFFFF, 0xFFFF, 0xFFFF, 0xFFFF, 0xFFFF, 0xFFFF, 0xFFFF, 0xFFFF, 0xFFFF, 0xFFFF, 0xFFFF, 0xFFFF,
    0xFFFF, 0xFFFF, 0xFFFF, 0xF79D, 0xC573, 0x9329, 0x8224, 0x8204, 0x8A44, 0x8244, 0x8224, 0x8204, 0x7A04, 0x7A04, 0x7A04, 0x8204,
    0x8204, 0x79E3, 0x79C2, 0x7A03, 0x9B4A, 0xCDB5, 0xFFDE, 0xFFFF, 0xFFFF, 0xFFFF, 0xFFFF, 0xFFFF, 0xFFFF, 0xFFFF, 0xFFFF, 0xFFFF,
    0xFFFF, 0xFFFF, 0xFFFF, 0xFFFF, 0xFFFF, 0xFFFF, 0xFFFF, 0xFFFF, 0xFFFF, 0xFFFF, 0xFFFF, 0xFFFF, 0xFFFF, 0xFFFF, 0xFFFF, 0xFFFF,
    0xFFFF, 0xFFFF, 0xFFFF, 0xFFFF, 0xFFFF, 0xFFFF, 0xFFFF, 0xFFFF, 0xFFFF, 0xFFFF, 0xFFDF, 0xFFFF, 0xFFFF, 0xF7BE, 0xD637, 0xAC2D,
    0x9286, 0x8203, 0x8224, 0x8224, 0x7A04, 0x7A04, 0x7A04, 0x8204, 0x79C2, 0x8A86, 0xAC4E, 0xDE58, 0xFFDF, 0xFFFF, 0xFFDF, 0xFFDF,
    0xFFFF, 0xFFFF, 0xFFFF, 0xFFFF, 0xFFFF, 0xFFFF, 0xFFFF, 0xFFFF, 0xFFFF, 0xFFFF, 0xFFFF, 0xFFFF, 0xFFFF, 0xFFFF, 0xFFFF, 0xFFFF,
    0xFFFF, 0xFFFF, 0xFFFF, 0xFFFF, 0xFFFF, 0xFFFF, 0xFFFF, 0xFFFF, 0xFFFF, 0xFFFF, 0xFFFF, 0xFFDF, 0xFFDF, 0xFFDF, 0xF7DF, 0xF7BE,
    0xF7BE, 0xEF9E, 0xEF9E, 0xEF7E, 0xEF5D, 0xEF7E, 0xEFBF, 0xEFBF, 0xD69A, 0xA40D, 0x8224, 0x8224, 0x8225, 0x8224, 0x8203, 0x8245,
    0xAC6F, 0xDEDA, 0xEFBF, 0xEF9F, 0xE75D, 0xE73D, 0xEF5D, 0xEF7E, 0xEF9E, 0xF79E, 0xF7BE, 0xF7BF, 0xFFDF, 0xFFDF, 0xFFFF, 0xFFFF,
    0xFFFF, 0xFFFF, 0xFFFF, 0xFFFF, 0xFFFF, 0xFFFF, 0xFFFF, 0xFFFF, 0xFFFF, 0xFFFF, 0xFFFF, 0xFFFF, 0xFFFF, 0xFFFF, 0xFFFF, 0xFFFF,
    0xFFFF, 0xFFDF, 0xFFDF, 0xF7DF, 0xF7BF, 0xF79E, 0xEF9E, 0xEF7E, 0xE75D, 0xE73D, 0xDF3D, 0xDF1C, 0xD6FC, 0xD6DC, 0xCEBB, 0xC69B,
    0xC69B, 0xBE7B, 0xA4D3, 0x8AC8, 0x8224, 0x8224, 0x8B09, 0xAD55, 0xC69B, 0xC69B, 0xC69B, 0xCEBB, 0xD6DB, 0xD6FC, 0xD6FC, 0xDF1C,
    0xE73D, 0xE75D, 0xEF5E, 0xEF9E, 0xF79E, 0xF7BE, 0xF7BF, 0xFFDF, 0xFFDF, 0xFFFF, 0xFFFF, 0xFFFF, 0xFFFF, 0xFFFF, 0xFFFF, 0xFFFF,
    0xFFFF, 0xFFFF, 0xFFFF, 0xFFFF, 0xFFFF, 0xFFFF, 0xFFFF, 0xFFFF, 0xFFFF, 0xFFDF, 0xFFDF, 0xF7DF, 0xF7BF, 0xF79E, 0xEF9E, 0xEF7E,
    0xE75D, 0xE73D, 0xE73D, 0xDF1C, 0xD6FC, 0xD6DC, 0xCEBB, 0xC69B, 0xBE3A, 0xB619, 0xAE1A, 0xADD8, 0xAD34, 0xAD34, 0xADD8, 0xB619,
    0xB619, 0xBE5A, 0xC69B, 0xCEBB, 0xD6DC, 0xD6FC, 0xDEFC, 0xDF1D, 0xE73D, 0xE75D, 0xEF7E, 0xEF7E, 0xEF9E, 0xF7BF, 0xF7BF, 0xFFDF,
    0xFFDF, 0xFFFF, 0xFFFF, 0xFFFF, 0xFFFF, 0xFFFF, 0xFFFF, 0xFFFF, 0xFFFF, 0xFFFF, 0xFFFF, 0xFFFF, 0xFFFF, 0xFFFF, 0xFFFF, 0xFFFF,
    0xFFFF, 0xFFFF, 0xFFFF, 0xFFFF, 0xFFDF, 0xFFDF, 0xF7DF, 0xF7BF, 0xF7BE, 0xF79E, 0xEF9E, 0xEF7E, 0xEF7E, 0xE75D, 0xE73D, 0xE73D,
    0xDF1D, 0xDF1D, 0xDEFC, 0xDEFC, 0xDF1D, 0xDF1D, 0xD6FC, 0xDEFC, 0xDF1D, 0xDF1D, 0xE73D, 0xE73D, 0xE75D, 0xE75D, 0xEF7E, 0xEF7E,
    0xEF9E, 0xF79E, 0xF7BF, 0xF7BF, 0xF7DF, 0xFFDF, 0xFFDF, 0xFFFF, 0xFFFF, 0xFFFF, 0xFFFF, 0xFFFF, 0xFFFF, 0xFFFF, 0xFFFF, 0xFFFF,
    0xFFFF, 0xFFFF, 0xFFFF, 0xFFFF, 0xFFFF, 0xFFFF, 0xFFFF, 0xFFFF, 0xFFFF, 0xFFFF, 0xFFFF, 0xFFFF, 0xFFFF, 0xFFFF, 0xFFFF, 0xFFFF,
    0xFFFF, 0xFFFF, 0xFFDF, 0xFFDF, 0xFFDF, 0xFFDF, 0xF7DF, 0xF7BF, 0xF7BF, 0xF7BF, 0xF7BE, 0xF7BE, 0xF7BE, 0xF7BE, 0xF7BE, 0xF7BE,
    0xF7BF, 0xF7BF, 0xF7DF, 0xF7DF, 0xFFDF, 0xFFDF, 0xFFDF, 0xFFDF, 0xFFDF, 0xFFFF, 0xFFFF, 0xFFFF, 0xFFFF, 0xFFFF, 0xFFFF, 0xFFFF,
    0xFFFF, 0xFFFF, 0xFFFF, 0xFFFF, 0xFFFF, 0xFFFF, 0xFFFF, 0xFFFF, 0xFFFF, 0xFFFF, 0xFFFF, 0xFFFF, 0xFFFF, 0xFFFF, 0xFFFF, 0xFFFF,
    0xFFFF, 0xFFFF, 0xFFFF, 0xFFFF, 0xFFFF, 0xFFFF, 0xFFFF, 0xFFFF, 0xFFFF, 0xFFFF, 0xFFFF, 0xFFFF, 0xFFFF, 0xFFFF, 0xFFFF, 0xFFFF,
    0xFFFF, 0xFFFF, 0xFFFF, 0xFFFF, 0xFFFF, 0xFFFF, 0xFFFF, 0xFFFF, 0xFFFF, 0xFFFF, 0xFFFF, 0xFFFF, 0xFFFF, 0xFFFF, 0xFFFF, 0xFFFF,
    0xFFFF, 0xFFFF, 0xFFFF, 0xFFFF, 0xFFFF, 0xFFFF, 0xFFFF, 0xFFFF, 0xFFFF, 0xFFFF, 0xFFFF, 0xFFFF, 0xFFFF, 0xFFFF, 0xFFFF, 0xFFFF,
};

const uint16_t donguri_done[DONGURI_IMG_W * DONGURI_IMG_H] PROGMEM = {
    0xFFFF, 0xFFFF, 0xFFFF, 0xFFFF, 0xFFFF, 0xFFFF, 0xFFFF, 0xFFFF, 0xFFFF, 0xFFFF, 0xFFFF, 0xFFFF, 0xFFFF, 0xFFFF, 0xFFFF, 0xFFFF,
    0xFFFF, 0xFFFF, 0xFFFF, 0xFFFF, 0xFFFF, 0xFFFF, 0xFFFF, 0xFFFF, 0xFFFF, 0xFFFF, 0xFFFF, 0xFFFF, 0xFFFF, 0xFFFF, 0xFFFF, 0xFFFF,
    0xFFFF, 0xFFFF, 0xFFFF, 0xFFFF, 0xFFFF, 0xFFFF, 0xFFFF, 0xFFFF, 0xFFFF, 0xFFFF, 0xFFFF, 0xFFFF, 0xFFFF, 0xFFFF, 0xFFFF, 0xFFFF,
    0xFFFF, 0xFFFF, 0xFFFF, 0xFFFF, 0xFFFF, 0xFFFF, 0xFFFF, 0xFFFF, 0xFFFF, 0xFFFF, 0xFFFF, 0xFFFF, 0xFFFF, 0xFFFF, 0xFFFF, 0xFFFF,
    0xFFFF, 0xFFFF, 0xFFFF, 0xFFFF, 0xFFFF, 0xFFFF, 0xFFFF, 0xFFFF, 0xFFFF, 0xFFFF, 0xFFFF, 0xFFFF, 0xFFFF, 0xFFFF, 0xFFFF, 0xFFFF,
    0xFFFF, 0xFFFF, 0xFFDF, 0xFFDF, 0xFFDF, 0xF7DF, 0xF7BF, 0xF7BE, 0xF7BF, 0xE77E, 0xF7BF, 0xFFFF, 0xFFFF, 0xFFFF, 0xFFFF, 0xFFFF,
    0xFFFF, 0xFFFF, 0xFFFF, 0xFFFF, 0xFFFF, 0xFFFF, 0xFFFF, 0xFFFF, 0xFFFF, 0xFFFF, 0xFFFF, 0xFFFF, 0xFFFF, 0xFFFF, 0xFFFF, 0xFFFF,
    0xFFFF, 0xFFFF, 0xFFFF, 0xFFFF, 0xFFFF, 0xFFFF, 0xFFFF, 0xFFFF, 0xFFFF, 0xFFFF, 0xFFFF, 0xFFFF, 0xFFFF, 0xFFFF, 0xFFFF, 0xFFFF,
    0xFFFF, 0xFFFF, 0xFFFF, 0xFFFF, 0xF7BF, 0xF79E, 0xEF7E, 0xEF7E, 0xE75E, 0xE75D, 0xE73D, 0xE73D, 0xDF3D, 0xDF1D, 0xDF1D, 0xDF1D,
    0xDF3D, 0xC67B, 0xDF1C, 0xFFFF, 0xFFFF, 0xFFFF, 0xFFFF, 0xFFFF, 0xFFFF, 0xFFFF, 0xFFFF, 0xFFFF, 0xFFFF, 0xFFFF, 0xFFFF, 0xFFFF,
    0xFFFF, 0xFFFF, 0xFFFF, 0xFFFF, 0xFFFF, 0xFFFF, 0xFFFF, 0xFFFF, 0xFFFF, 0xFFFF, 0xFFFF, 0xFFFF, 0xFFFF, 0xFFFF, 0xFFFF, 0xFFFF,
    0xFFFF, 0xFFFF, 0xFFFF, 0xFFFF, 0xFFFF, 0xFFFF, 0xFFFF, 0xFFFF, 0xFFFF, 0xFFFF, 0xFFFF, 0xFFFF, 0xEF9E, 0xEF9E, 0xE75D, 0xE75D,
    0xE75D, 0xE73D, 0xE73D, 0xDF3D, 0xDF3D, 0xDF3D, 0xDF1D, 0xDF3D, 0xE73D, 0xC69B, 0xDF1C, 0xFFFF, 0xFFFF, 0xFFFF, 0xFFFF, 0xFFFF,
    0xFFFF, 0xFFFF, 0xFFFF, 0xFFFF, 0xFFFF, 0xFFFF, 0xFFFF, 0xFFFF, 0xFFFF, 0xFFFF, 0xFFFF, 0xFFFF, 0xFFFF, 0xFFFF, 0xFFFF, 0xFFFF,
    0xFFFF, 0xFFFF, 0xFFFF, 0xFFFF, 0xFFFF, 0xFFFF, 0xFFFF, 0xFFFF, 0xFFFF, 0xFFFF, 0xFFFF, 0xFFFF, 0xFFFF, 0xFFFF, 0xFFFF, 0xFFFF,
    0xFFFF, 0xFFFF, 0xFFFF, 0xFFFF, 0xEF9E, 0xEF9E, 0xE75D, 0xE75D, 0xE73D, 0xE73D, 0xE73D, 0xDF3D, 0xDF1D, 0xDF1D, 0xDF1D, 0xDF1D,
    0xDF3D, 0xCEBB, 0xDEFC, 0xFFFF, 0xFFFF, 0xFFFF, 0xFFFF, 0xFFFF, 0xFFFF, 0xFFFF, 0xFFFF, 0xFFFF, 0xFFFF, 0xFFFF, 0xFFFF, 0xFFFF,
    0xFFFF, 0xFFFF, 0xFFFF, 0xFFFF, 0xFFFF, 0xFFFF, 0xFFFF, 0xFFFF, 0xFFFF, 0xFFFF, 0xFFFF, 0xFFFF, 0xFFFF, 0xFFFF, 0xFFFF, 0xFFFF,
    0xFFFF, 0xFFFF, 0xFFFF, 0xFFFF, 0xFFFF, 0xFFFF, 0xFFFF, 0xFFFF, 0xFFFF, 0xFFFF, 0xFFFF, 0xFFFF, 0xEF9E, 0xEF9E, 0xE75D, 0xE75E,
    0xE75E, 0xE75D, 0xE73D, 0xDF3D, 0xDF1D, 0xDF5D, 0xE77E, 0xE75E, 0xDF5D, 0xCEBC, 0xD6FC, 0xFFFF, 0xFFFF, 0xFFFF, 0xFFFF, 0xFFFF,
    0xFFFF, 0xFFFF, 0xFFFF, 0xFFFF, 0xFFFF, 0xFFFF, 0xFFFF, 0xFFFF, 0xFFFF, 0xFFFF, 0xFFFF, 0xFFFF, 0xFFFF, 0xFFFF, 0xFFFF, 0xFFFF,
    0xFFFF, 0xFFFF, 0xFFFF, 0xFFFF, 0xFFFF, 0xFFFF, 0xFFFF, 0xFFFF, 0xFFFF, 0xFFFF, 0xFFFF, 0xFFFF, 0xFFFF, 0xFFFF, 0xFFFF, 0xFFFF,
    0xFFFF, 0xFFFF, 0xFFFF, 0xFFFF, 0xEF9E, 0xEF7E, 0xE73D, 0xDF3D, 0xDEFC, 0xDF1D, 0xE75D, 0xDF3D, 0xDF3D, 0xC65A, 0xA597, 0xA597,
    0xD6FC, 0xCEBC, 0xD6DC, 0xFFFF, 0xFFFF, 0xFFFF, 0xFFFF, 0xFFFF, 0xFFFF, 0xFFFF, 0xFFFF, 0xFFFF, 0xFFFF, 0xFFFF, 0xFFFF, 0xFFFF,
    0xFFFF, 0xFFFF, 0xFFFF, 0xFFFF, 0xFFFF, 0xFFFF, 0xFFFF, 0xFFFF, 0xFFFF, 0xFFFF, 0xFFFF, 0xFFFF, 0xFFFF, 0xFFFF, 0xFFFF, 0xFFFF,
    0xFFFF, 0xFFFF, 0xFFFF, 0xFFFF, 0xFFFF, 0xFFFF, 0xFFFF, 0xFFFF, 0xFFFF, 0xFFFF, 0xFFFF, 0xFFFF, 0xEF9E, 0xF7BF, 0xBE19, 0x5B0D,
    0x52EC, 0x9D35, 0xEF9E, 0xD6FC, 0xE77E, 0x73F1, 0x31E9, 0x424A, 0xC65A, 0xCEDC, 0xCEBB, 0xFFFF, 0xFFFF, 0xFFFF, 0xFFFF, 0xFFFF,
    0xFFFF, 0xFFFF, 0xFFFF, 0xFFFF, 0xFFFF, 0xFFFF, 0xFFFF, 0xFFFF, 0xFFFF, 0xFFFF, 0xFFFF, 0xFFFF, 0xFFFF, 0xFFFF, 0xFFFF, 0xFFFF,
    0xFFFF, 0xFFFF, 0xFFFF, 0xFFFF, 0xFFFF, 0xFFFF, 0xFFFF, 0xFFFF, 0xFFFF, 0xFFFF, 0xFFFF, 0xFFFF, 0xFFFF, 0xFFFF, 0xFFFF, 0xFFFF,
    0xFFFF, 0xFFFF, 0xFFFF, 0xFFFF, 0xEF7E, 0xF7DF, 0xB5D8, 0x424A, 0x4AAB, 0x94F4, 0xEF9E, 0xD6FD, 0xE75E, 0x8CD4, 0x5B2E, 0x6BAF,
    0xC67A, 0xCEDC, 0xCEBB, 0xFFFF, 0xFFFF, 0xFFFF, 0xFFFF, 0xFFFF, 0xFFFF, 0xFFFF, 0xFFFF, 0xFFFF, 0xFFFF, 0xFFFF, 0xFFFF, 0xFFFF,
    0xFFFF, 0xFFFF, 0xFFFF, 0xFFFF, 0xFFFF, 0xFFFF, 0xFFFF, 0xFFFF, 0xFFFF, 0xFFFF, 0xFFFF, 0xFFFF, 0xFFFF, 0xFFFF, 0xFFFF, 0xFFFF,
    0xFFFF, 0xFFFF, 0xFFFF, 0xFFFF, 0xFFFF, 0xFFFF, 0xFFFF, 0xFFFF, 0xFFFF, 0xFFFF, 0xFFFF, 0xFFFF, 0xEF9E, 0xEF9E, 0xD6DC, 0xADB7,
    0xB5D8, 0xCE9B, 0xDF3D, 0xDF1D, 0xDF1D, 0xD6FC, 0xD6DC, 0xD6FC, 0xDF1D, 0xCEDC, 0xCEBB, 0xFFFF, 0xFFFF, 0xFFFF, 0xFFFF, 0xFFFF,
    0xFFFF, 0xFFFF, 0xFFFF, 0xFFFF, 0xFFFF, 0xFFFF, 0xFFFF, 0xFFFF, 0xFFFF, 0xFFFF, 0xFFFF, 0xFFFF, 0xFFFF, 0xFFFF, 0xFFFF, 0xFFFF,
    0xFFFF, 0xFFFF, 0xFFFF, 0xFFFF, 0xFFFF, 0xFFFF, 0xFFFF, 0xFFFF, 0xFFFF, 0xFFFF, 0xFFFF, 0xFFFF, 0xFFFF, 0xFFFF, 0xFFFF, 0xFFFF,
    0xFFFF, 0xFFFF, 0xFFFF, 0xFFFF, 0xEF9E, 0xEF7E, 0xE75D, 0xE77E, 0xDF5E, 0xDF3D, 0xD71D, 0xDF1D, 0xD71D, 0xD71D, 0xDF1D, 0xD71D,
    0xDF1D, 0xD6FC, 0xCEBB, 0xFFFF, 0xFFFF, 0xFFFF, 0xFFFF, 0xFFFF, 0xFFFF, 0xFFFF, 0xFFFF, 0xFFFF, 0xFFFF, 0xFFFF, 0xFFFF, 0xFFFF,
    0xFFFF, 0xFFFF, 0xFFFF, 0xFFFF, 0xFFFF, 0xFFFF, 0xFFFF, 0xFFFF, 0xFFFF, 0xFFFF, 0xFFFF, 0xFFFF, 0xFFFF, 0xFFFF, 0xFFFF, 0xFFFF,
    0xFFFF, 0xFFFF, 0xFFFF, 0xFFFF, 0xFFFF, 0xFFFF, 0xFFFF, 0xFFFF, 0xFFFF, 0xFFFF, 0xFFFF, 0xFFFF, 0xEF9E, 0xE75E, 0xDF1D, 0xD6DC,
    0xCEBC, 0xCEBC, 0xCEBC, 0xCEBC, 0xCEBB, 0xCEBB, 0xCEBB, 0xCEDC, 0xD6FC, 0xCEBC, 0xC67A, 0xFFFF, 0xFFFF, 0xFFFF, 0xFFFF, 0xFFFF,
    0xFFFF, 0xFFFF, 0xFFFF, 0xFFFF, 0xFFFF, 0xFFFF, 0xFFFF, 0xFFFF, 0xFFFF, 0xFFFF, 0xFFFF, 0xFFFF, 0xFFFF, 0xFFFF, 0xFFFF, 0xFFFF,
    0xFFFF, 0xFFFF, 0xFFFF, 0xFFFF, 0xFFFF, 0xFFFF, 0xFFFF, 0xFFFF, 0xFFFF, 0xFFFF, 0xFFFF, 0xFFFF, 0xFFFF, 0xFFFF, 0xFFFF, 0xFFFF,
    0xFFFF, 0xFFFF, 0xFFFF, 0xFFFF, 0xEF7E, 0xD6DC, 0xCEBB, 0xC69B, 0xCE9B, 0xCEBB, 0xCEBC, 0xCEDC, 0xD6DC, 0xD6DC, 0xD6DC, 0xD6FC,
    0xD6FC, 0xCEDC, 0xC67B, 0xF7DF, 0xFFFF, 0xFFFF, 0xFFFF, 0xFFFF, 0xFFFF, 0xFFFF, 0xFFFF, 0xFFFF, 0xFFFF, 0xFFFF, 0xFFFF, 0xFFFF,
    0xFFFF, 0xFFFF, 0xFFFF, 0xFFFF, 0xFFFF, 0xFFFF, 0xFFFF, 0xFFFF, 0xFFFF, 0xFFFF, 0xFFFF, 0xFFFF, 0xFFFF, 0xFFFF, 0xFFFF, 0xFFFF,
    0xFFFF, 0xFFFF, 0xFFFF, 0xFFFF, 0xFFFF, 0xFFFF, 0xFFFF, 0xFFFF, 0xFFFF, 0xFFFF, 0xFFDF, 0xF7DF, 0xE77E, 0xDF1D, 0xE75D, 0xE77E,
    0xEF7E, 0xEF9E, 0xEF9E, 0xEF9E, 0xEF9E, 0xEF7E, 0xEF7E, 0xEF7E, 0xEF7E, 0xEF7E, 0xE75E, 0xDF3D, 0xE73D, 0xE75D, 0xE77E, 0xF7BE,
    0xFFFF, 0xFFFF, 0xFFFF, 0xFFFF, 0xFFFF, 0xFFFF, 0xFFFF, 0xFFFF, 0xFFFF, 0xFFFF, 0xFFFF, 0xFFFF, 0xFFFF, 0xF7FF, 0xF7FF, 0xF7FF,
    0xFFFF, 0xFFFF, 0xFFFF, 0xFFFF, 0xFFFF, 0xFFFF, 0xFFFF, 0xFFFF, 0xFFFF, 0xFFFF, 0xFFFF, 0xFFFF, 0xFFFF, 0xFFFF, 0xFFFF, 0xFFDF,
    0xF7BE, 0xEF9E, 0xEF9E, 0xEF9E, 0xEF9E, 0xF7BF, 0xF7BF, 0xF7BF, 0xF7BF, 0xF79E, 0xEF9E, 0xEF9E, 0xEF9E, 0xEF7E, 0xEF7E, 0xEF7E,
    0xEF7E, 0xEF7E, 0xE77E, 0xE75D, 0xE75D, 0xDF3D, 0xDF1D, 0xD71C, 0xDF1D, 0xE75D, 0xF7BE, 0xFFFF, 0xFFFF, 0xFFFF, 0xFFFF, 0xFFFF,
    0xFFFF, 0xFFFF, 0xF7FF, 0xF7FF, 0xF7FF, 0xEFFF, 0xEFFF, 0xEFDF, 0xFFFF, 0xFFFF, 0xFFFF, 0xFFFF, 0xFFFF, 0xFFFF, 0xFFFF, 0xFFFF,
    0xFFFF, 0xFFFF, 0xFFFF, 0xFFFF, 0xFFFF, 0xF7BF, 0xEF9E, 0xEF9E, 0xF7BE, 0xF7BF, 0xF7DF, 0xFFDF, 0xFFDF, 0xFFDF, 0xF7DF, 0xF7DF,
    0xF7DF, 0xF7BF, 0xF7BF, 0xF7BF, 0xF79E, 0xEF9E, 0xEF9E, 0xEF9E, 0xEF7E, 0xEF7E, 0xEF7E, 0xEF7E, 0xE77E, 0xE75D, 0xDF3D, 0xDF3D,
    0xD71D, 0xD6FC, 0xCEDC, 0xD6FC, 0xEF9E, 0xFFFF, 0xFFFF, 0xFFFF, 0xFFFF, 0xF7FF, 0xF7FF, 0xEFDF, 0xE7DF, 0xE7DF, 0xDFDF, 0xDFFF,
    0xFFFF, 0xFFFF, 0xFFFF, 0xFFFF, 0xFFFF, 0xFFFF, 0xFFFF, 0xFFFF, 0xFFFF, 0xFFFF, 0xFFFF, 0xF7BF, 0xEF9E, 0xEF9E, 0xF7BF, 0xF7DF,
    0xFFFF, 0xFFFF, 0xFFFF, 0xFFFF, 0xFFFF, 0xFFDF, 0xFFDF, 0xFFDF, 0xF7DF, 0xF7DF, 0xF7BF, 0xF7BF, 0xF7BF, 0xEFBE, 0xEF9E, 0xEF9E,
    0xEF9E, 0xEF7E, 0xEF7E, 0xEF7E, 0xE77E, 0xE75D, 0xE73D, 0xDF3D, 0xDF1D, 0xD71D, 0xD6FC, 0xCEBC, 0xC6BB, 0xD6FC, 0xF7BF, 0xFFFF,
    0xF7FF, 0xF7FF, 0xEFDF, 0xE7FF, 0xDFFF, 0xD7FF, 0xCFBF, 0xBF7F, 0xFFFF, 0xFFFF, 0xFFFF, 0xFFFF, 0xFFFF, 0xFFFF, 0xFFFF, 0xFFFF,
    0xFFFF, 0xFFDF, 0xEF9E, 0xEF9E, 0xF7BF, 0xFFDF, 0xFFFF, 0xFFFF, 0xFFFF, 0xFFFF, 0xFFFF, 0xFFFF, 0xFFFF, 0xFFFF, 0xFFDF, 0xFFDF,
    0xFFDF, 0xFFDF, 0xF7BF, 0xF7BF, 0xF7BF, 0xF7BF, 0xF79E, 0xEF9E, 0xEF9E, 0xEF7E, 0xEF7E, 0xEF7E, 0xE77E, 0xE75E, 0xE73D, 0xDF1D,
    0xDF1D, 0xD6FC, 0xD6DC, 0xCEDC, 0xCEBC, 0xC69B, 0xC6BB, 0xE77E, 0xFFFF, 0xEFDF, 0xE7FF, 0xC77E, 0xA6DD, 0x9E9C, 0x967C, 0xA69C,
    0xFFFF, 0xFFFF, 0xFFFF, 0xFFFF, 0xFFFF, 0xFFFF, 0xFFFF, 0xFFFF, 0xF7DF, 0xEF7E, 0xEF9E, 0xF7DF, 0xFFDF, 0xFFFF, 0xFFFF, 0xFFFF,
    0xFFFF, 0xFFFF, 0xFFFF, 0xFFFF, 0xFFFF, 0xFFFF, 0xFFFF, 0xFFDF, 0xFFDF, 0xFFDF, 0xF7DF, 0xF7BF, 0xF7BF, 0xF7BF, 0xF79E, 0xEF9E,
    0xEF9E, 0xEF7E, 0xEF7E, 0xEF7E, 0xEF7E, 0xE75E, 0xE75D, 0xDF3D, 0xDF1D, 0xD6FC, 0xD6DC, 0xCEBC, 0xCEBB, 0xCEBB, 0xC6BB, 0xBE9B,
    0xD73D, 0xEFFF, 0xB6FD, 0xAE9C, 0xC6FD, 0xD73E, 0xEF9E, 0xEF7E, 0xFFFF, 0xFFFF, 0xFFFF, 0xFFFF, 0xFFFF, 0xFFFF, 0xFFFF, 0xF7BF,
    0xEF7E, 0xF7BF, 0xF7DF, 0xFFDF, 0xFFFF, 0xFFFF, 0xFFFF, 0xFFFF, 0xFFFF, 0xFFFF, 0xFFFF, 0xFFFF, 0xFFFF, 0xFFFF, 0xFFFF, 0xFFDF,
    0xFFDF, 0xF7DF, 0xF7BF, 0xF7BF, 0xF7BF, 0xF7BE, 0xEF9E, 0xEF9E, 0xEF9E, 0xEF7E, 0xEF7E, 0xEF7E, 0xE75E, 0xE75D, 0xE73D, 0xDF3D,
    0xDF1D, 0xD6FC, 0xD6DC, 0xCEBC, 0xCEBB, 0xC69B, 0xC69B, 0xBEBC, 0xB6BB, 0xAEDC, 0xAE7C, 0xFFDF, 0xFFFF, 0xFFDF, 0xEFBF, 0xD75E,
    0xFFFF, 0xFFFF, 0xFFFF, 0xFFFF, 0xFFFF, 0xFFFF, 0xF7BF, 0xEF7E, 0xF7BF, 0xF7DF, 0xFFDF, 0xFFFF, 0xFFFF, 0xFFFF, 0xFFFF, 0xFFFF,
    0xFFFF, 0xFFFF, 0xFFFF, 0xFFFF, 0xFFFF, 0xFFFF, 0xFFDF, 0xFFDF, 0xF7DF, 0xF7BF, 0xF7BF, 0xF7BF, 0xF79E, 0xEF9E, 0xEF9E, 0xEF9E,
    0xEF7E, 0xEF7E, 0xEF7E, 0xE77E, 0xE75D, 0xE75D, 0xE73D, 0xDF1D, 0xDF1D, 0xD6FC, 0xD6DC, 0xCEBC, 0xCEBB, 0xC69B, 0xBE9B, 0xB69B,
    0xB6DC, 0x8E3B, 0xBEDD, 0xDF9F, 0xB73E, 0x9F1E, 0x86DE, 0x6EDE, 0xFFFF, 0xFFFF, 0xFFFF, 0xFFFF, 0xFFFF, 0xFFDF, 0xEF7E, 0xEF9E,
    0xF7BF, 0xFFDF, 0xFFFF, 0xFFFF, 0xFFFF, 0xFFFF, 0xFFFF, 0xFFFF, 0xFFFF, 0xFFFF, 0xFFFF, 0xFFFF, 0xFFFF, 0xFFDF, 0xFFDF, 0xFFDF,
    0xF7BF, 0xF7BF, 0xF7BF, 0xEF9E, 0xEF9E, 0xEF9E, 0xEF7E, 0xEF7E, 0xEF7E, 0xEF7E, 0xE75E, 0xE75D, 0xE75D, 0xE75D, 0xDF3D, 0xDF1D,
    0xD6FC, 0xD6FC, 0xD6DC, 0xCEBC, 0xCEBB, 0xC69B, 0xBE9B, 0xB69B, 0xAEBC, 0x8E5B, 0xB69C, 0xA6FE, 0x667D, 0x6E9E, 0x6EBE, 0x6EDE,
    0xFFFF, 0xFFFF, 0xFFFF, 0xFFFF, 0xFFFF, 0xEF7E, 0xEF7E, 0xF7BF, 0xF7DF, 0xFFDF, 0xFFDF, 0xFFFF, 0xFFFF, 0xFFFF, 0xFFFF, 0xFFFF,
    0xFFFF, 0xFFFF, 0xFFFF, 0xFFFF, 0xFFFF, 0xFFDF, 0xFFDF, 0xF7BF, 0xF7BF, 0xF7BF, 0xF79E, 0xEF9E, 0xEF9E, 0xEF7E, 0xEF7E, 0xEF7E,
    0xEF7E, 0xE77E, 0xE75D, 0xE75D, 0xE75D, 0xE73D, 0xDF3D, 0xDF1D, 0xDF1D, 0xD6FC, 0xD6FC, 0xCEBC, 0xCEBB, 0xC69B, 0xBE9B, 0xB69B,
    0xAE9B, 0x969C, 0x9E5C, 0xB73E, 0x6E7E, 0x769E, 0x6EBE, 0x6EBE, 0xFFFF, 0xFFFF, 0xFFFF, 0xFFFF, 0xF79E, 0xE77E, 0xEF9E, 0xF7BF,
    0xF7DF, 0xFFDF, 0xFFDF, 0xFFFF, 0xFFFF, 0xFFFF, 0xFFFF, 0xFFFF, 0xFFFF, 0xFFFF, 0xFFFF, 0xFFFF, 0xFFDF, 0xFFDF, 0xF7BF, 0xF7BF,
    0xF7BF, 0xF79E, 0xEF9E, 0xEF9E, 0xEF7E, 0xEF7E, 0xEF7E, 0xE77E, 0xE77E, 0xE75D, 0xE75D, 0xE75D, 0xE73D, 0xE73D, 0xDF1D, 0xDF1D,
    0xDF1D, 0xD6FC, 0xD6DC, 0xCEDC, 0xC69B, 0xC69B, 0xBE9B, 0xB69B, 0xAE9B, 0x9EBC, 0x8E3B, 0xC73E, 0x6E7E, 0x6E9E, 0x6E9E, 0x66BE,
    0xFFFF, 0xFFFF, 0xFFFF, 0xFFFF, 0xE75E, 0xEF7E, 0xF79E, 0xF7BF, 0xF7DF, 0xFFDF, 0xFFDF, 0xFFDF, 0xFFDF, 0xFFFF, 0xFFFF, 0xFFFF,
    0xFFFF, 0xFFFF, 0xFFFF, 0xFFDF, 0xFFDF, 0xF7DF, 0xF7BF, 0xF7BF, 0xF79E, 0xEF9E, 0xEF9E, 0xEF7E, 0xEF7E, 0xEF7E, 0xE77E, 0xE75E,
    0xE75D, 0xE75D, 0xE75D, 0xE73D, 0xDF3D, 0xDF3D, 0xDF3D, 0xC67A, 0xC67A, 0xD6FC, 0xB5F9, 0xC67B, 0xCEBB, 0xC69B, 0xBE7B, 0xB67B,
    0xAE9B, 0x9EBC, 0x861B, 0xC71D, 0x767E, 0x665E, 0x667E, 0x669E, 0xFFFF, 0xFFFF, 0xFFFF, 0xF79E, 0xE75D, 0xEF9E, 0xF79E, 0xF7BF,
    0xF7DF, 0xFFDF, 0xFFDF, 0xFFDF, 0xFFDF, 0xFFDF, 0xFFDF, 0xFFDF, 0xFFFF, 0xFFDF, 0xFFDF, 0xFFDF, 0xF7BF, 0xF7BF, 0xF7BF, 0xF7BE,
    0xEF9E, 0xEF9E, 0xEF9E, 0xEF7E, 0xEF7E, 0xE77E, 0xE75D, 0xE75D, 0xE75D, 0xE75D, 0xE73D, 0xDF3D, 0xDF1D, 0xDF3D, 0xD6FC, 0xC65A,
    0xDF1C, 0xD6FC, 0xCEBB, 0xBE39, 0xCEDC, 0xC69B, 0xBE7B, 0xB67B, 0xAE9B, 0xA6BC, 0x863B, 0xBEDD, 0x869E, 0x5E3E, 0x665E, 0x5E5E,
    0xFFFF, 0xFFFF, 0xFFFF, 0xEF7E, 0xEF7E, 0xEF9E, 0xF7BE, 0xF7BF, 0xF7DF, 0xFFDF, 0xFFDF, 0xF7DF, 0xFFDF, 0xFFDF, 0xFFDF, 0xFFDF,
    0xFFDF, 0xFFDF, 0xF7DF, 0xF7DF, 0xF7BF, 0xF7BF, 0xF7BE, 0xEF9E, 0xEF9E, 0xEF9E, 0xEF7E, 0xEF7E, 0xEF7E, 0xE75D, 0xE75D, 0xE75D,
    0xE73D, 0xDF3D, 0xDF1D, 0xDF1D, 0xDF1D, 0xDF1D, 0xDF1D, 0xBE3A, 0xDF1D, 0xDF1D, 0xC69B, 0xB61A, 0xC69B, 0xB619, 0xBE7B, 0xB67B,
    0xAE7B, 0xA6BB, 0x865B, 0xAE9C, 0x96BE, 0x55FD, 0x5E3E, 0x5E3E, 0xFFFF, 0xFFFF, 0xFFDF, 0xE75D, 0xEF7E, 0xEF9E, 0xEFBE, 0xF7BF,
    0xF7DF, 0xF7DF, 0xF7DF, 0xF7DF, 0xFFDF, 0xFFDF, 0xFFDF, 0xF7DF, 0xFFDF, 0xF7DF, 0xF7DF, 0xF7BF, 0xF7BF, 0xF7BF, 0xEF9E, 0xEF9E,
    0xEF9E, 0xEF7E, 0xEF7E, 0xEF7E, 0xEF7E, 0xE75D, 0xE75D, 0xE73D, 0xDF3D, 0xDF1D, 0xDF1D, 0xDF1D, 0xDF1D, 0xD6FC, 0xE73D, 0x9DB9,
    0x95B9, 0xD6FC, 0x7D38, 0xAE1A, 0xB5D8, 0x9D57, 0xB619, 0xB67B, 0xAE7B, 0xA69B, 0x8E7B, 0x9E3B, 0xAEDE, 0x4DBD, 0x5DFE, 0x55FE,
    0xFFFF, 0xFFFF, 0xF7BE, 0xE75D, 0xEF7E, 0xEF9E, 0xEF9E, 0xF7BF, 0xF7DF, 0xF7DF, 0xF7DF, 0xF7DF, 0xF7DF, 0xF7DF, 0xF7DF, 0xF7DF,
    0xF7DF, 0xF7BF, 0xF7BF, 0xF7BF, 0xF7BF, 0xF7BE, 0xEF9E, 0xEF9E, 0xEF9E, 0xEF7E, 0xEF7E, 0xEF7E, 0xE75D, 0xE75D, 0xE75D, 0xE73D,
    0xDF3D, 0xDF1D, 0xDF1D, 0xDEFC, 0xD6FC, 0xD6FC, 0xD6FC, 0xD6FC, 0x8D99, 0x64B6, 0x9DFA, 0xD6FC, 0xB5F9, 0xA577, 0xB65A, 0xB67A,
    0xAE7A, 0xA67B, 0x9EBC, 0x961A, 0xB6DE, 0x559D, 0x55BE, 0x55DE, 0xFFFF, 0xFFFF, 0xEF7E, 0xE75D, 0xEF7E, 0xEF9E, 0xEF9E, 0xF7BF,
    0xF7BF, 0xF7DF, 0xF7DF, 0xF7BF, 0xF7DF, 0xF7DF, 0xF7DF, 0xF7BF, 0xF7BF, 0xF7BF, 0xF7BF, 0xF7BF, 0xF7BF, 0xEF9E, 0xEF9E, 0xEF9E,
    0xEF9E, 0xEF7E, 0xEF7E, 0xEF7E, 0xE75D, 0xE75D, 0xE75D, 0xE73D, 0xDF3D, 0xDF1D, 0xDF1D, 0xD71C, 0xD6FC, 0xD6FC, 0xD6FC, 0xD6FC,
    0xD6FC, 0xA5B8, 0xD6FC, 0xD6FC, 0xBE5A, 0xADF9, 0xBE7B, 0xB65A, 0xAE5A, 0xA67B, 0x9EBC, 0x85FA, 0xBEDD, 0x5D9D, 0x4D7D, 0x4D9D,
    0xFFFF, 0xFFFF, 0xE77E, 0xE75E, 0xEF7E, 0xEF9E, 0xEF9E, 0xF7BF, 0xF7BF, 0xF7DF, 0xF7BF, 0xF7BF, 0xF7BF, 0xF7BF, 0xF7BF, 0xF7BF,
    0xF7BF, 0xF7BF, 0xF7BF, 0xF7BF, 0xF7BF, 0xF7BE, 0xEF9E, 0xEF9E, 0xEF9E, 0xEF7E, 0xEF7E, 0xE77D, 0xE75D, 0xE75D, 0xE73D, 0xDF3D,
    0xDF1D, 0xDF1D, 0xDF1D, 0xD6FC, 0xD6FC, 0xD6FC, 0xD6DC, 0xCEDC, 0xCEDC, 0xC67A, 0xB5F9, 0xBE39, 0xADD8, 0xBE5A, 0xBE5A, 0xB65A,
    0xB65A, 0xAE7A, 0xA6BC, 0x7DFA, 0xB67C, 0x6DDD, 0x453D, 0x4D5D, 0xFFFF, 0xFFFF, 0xE75D, 0xE75E, 0xEF7E, 0xEF9E, 0xEF9E, 0xF7BF,
    0xF7BF, 0xF7BF, 0xF7DF, 0xF7DF, 0xF7BF, 0xF7DF, 0xF7BF, 0xF7BF, 0xF7BF, 0xF7BF, 0xF79E, 0xEF9E, 0xEF7E, 0xEF7E, 0xE77E, 0xE75E,
    0xE75D, 0xE73D, 0xDF3D, 0xDF3D, 0xDF1D, 0xDEFC, 0xD6FC, 0xD6FC, 0xD6FC, 0xD6DC, 0xD6DC, 0xCEDB, 0xCEBB, 0xCEBB, 0xCEBB, 0xC69B,
    0xC69B, 0xC69B, 0xBE5A, 0xB639, 0xBE5A, 0xBE7A, 0xBE5A, 0xBE5A, 0xB65A, 0xAE5A, 0xA69B, 0x861B, 0xA63B, 0x8E1D, 0x3CFD, 0x4D3D,
    0xFFFF, 0xFFFF, 0xE75D, 0xE75E, 0xEF7E, 0xEF9E, 0xF79E, 0xF7BE, 0xF7BF, 0xF7BF, 0xF7BF, 0xF79E, 0xEF9E, 0xEF7E, 0xEF7E, 0xE75E,
    0xE75D, 0xE73D, 0xDF1D, 0xDF1C, 0xD6FC, 0xD6FC, 0xCEDC, 0xCEBB, 0xCEBB, 0xC69B, 0xC69B, 0xC69B, 0xC67B, 0xBE7B, 0xBE7B, 0xBE7B,
    0xBE7B, 0xBE5A, 0xBE5B, 0xBE5A, 0xB65A, 0xB65A, 0xB65A, 0xB63A, 0xB63A, 0xB63A, 0xB63A, 0xB63A, 0xB619, 0xB619, 0xB619, 0xB619,
    0xAE3A, 0xA63A, 0x9E7B, 0x8E5B, 0x95FA, 0xA67D, 0x3CBD, 0x4D1D, 0xFFFF, 0xFFFF, 0xE73D, 0xE75D, 0xEF7E, 0xEF7E, 0xEF7E, 0xEF7E,
    0xE75E, 0xE75D, 0xDF3D, 0xDF1D, 0xD6FC, 0xD6DC, 0xD6DC, 0xCEBC, 0xC6BB, 0xC69B, 0xC69B, 0xBE7B, 0xB65B, 0xB65B, 0xB63A, 0xB61A,
    0xAE1A, 0xADF9, 0xADD9, 0xADB8, 0xA5B8, 0xA597, 0xA597, 0xA577, 0xA576, 0xA576, 0xA556, 0xA556, 0xA556, 0x9D35, 0x9D15, 0x9D35,
    0x9D36, 0x9D56, 0x9D57, 0xA598, 0xA5D8, 0xADF9, 0xADFA, 0xADFA, 0xA61A, 0x9E3A, 0x9E3A, 0x8E7B, 0x8DDA, 0xBEDD, 0x44BC, 0x44DD,
    0xFFFF, 0xFFFF, 0xDF3D, 0xDF3D, 0xDF3D, 0xDF3D, 0xDF1C, 0xD6DC, 0xCEBC, 0xCEBB, 0xC69B, 0xBE9B, 0xBE7B, 0xB65B, 0xB63A, 0xADF9,
    0xADB8, 0xAD97, 0xA555, 0xA4F3, 0xA4B2, 0x9C50, 0x9BEE, 0x93CD, 0x938B, 0x934A, 0x934A, 0x9309, 0x9308, 0x92E8, 0x92C7, 0x92C7,
    0x92C6, 0x8A86, 0x8A65, 0x8A65, 0x8A65, 0x8245, 0x7A04, 0x7A04, 0x7A04, 0x71E4, 0x7205, 0x7A46, 0x7A87, 0x82E9, 0x8B4B, 0x8BAE,
    0x8C51, 0x8D15, 0x8DD9, 0x8E5B, 0x7DB9, 0xC6DD, 0x54DC, 0x447D, 0xFFFF, 0xFFFF, 0xE75D, 0xCEDC, 0xCEDC, 0xC69B, 0xC69B, 0xBE9B,
    0xBE5B, 0xB619, 0xAD97, 0xA514, 0x9C91, 0x9C2F, 0x9BCD, 0x9BCC, 0xA3AB, 0xA3AA, 0xABAA, 0xAB89, 0xAB88, 0xA327, 0xA327, 0xA327,
    0xA307, 0xA307, 0xA327, 0xA327, 0xA327, 0xAB27, 0xA307, 0xA306, 0xA306, 0xA2E6, 0x9AC5, 0x9AC5, 0x9AA5, 0x9285, 0x8A44, 0x8A24,
    0x8A24, 0x79C3, 0x79C3, 0x79C2, 0x79A2, 0x79A2, 0x81C2, 0x79E3, 0x8224, 0x7A66, 0x8471, 0xA6DC, 0x963B, 0xBE9B, 0x6D3D, 0x3C3C,
    0xFFFF, 0xFFFF, 0xFFDF, 0xCEDC, 0xB61A, 0xB61A, 0xAD76, 0xA491, 0x9BCD, 0x9B6A, 0x9B08, 0x9B07, 0x9B07, 0xA348, 0xABA9, 0xBC0B,
    0xBC4C, 0xC48D, 0xC4AD, 0xC4AD, 0xC48D, 0xBC4C, 0xBC4B, 0xBC2B, 0xBC2A, 0xBC0A, 0xBC0A, 0xBC0A, 0xBBEA, 0xBBC9, 0xBBC9, 0xB388,
    0xB3A8, 0xB388, 0xAB47, 0xAB27, 0xA327, 0xA306, 0x9AC6, 0x92A5, 0x9AA5, 0x8A44, 0x8224, 0x8224, 0x8204, 0x8204, 0x8A44, 0x8A65,
    0x8AA6, 0x8A86, 0x9C4E, 0xE7FF, 0xB71D, 0xAE3A, 0x8D9D, 0x33FC, 0xFFFF, 0xFFFF, 0xFFFF, 0xFFDF, 0xD6FC, 0xB5B7, 0x92E8, 0x9AC6,
    0x9AE6, 0xAB68, 0xB3CA, 0xBC2B, 0xBC6C, 0xC48D, 0xCCEE, 0xD550, 0xD570, 0xDD91, 0xDD90, 0xDD70, 0xD54F, 0xCCEE, 0xD4ED, 0xCCCD,
    0xCCAC, 0xCC8B, 0xCC8B, 0xC46B, 0xC44A, 0xBC0A, 0xC42A, 0xBBE9, 0xBBE9, 0xBBC9, 0xB388, 0xB367, 0xB367, 0xAB47, 0xAB26, 0x9AE6,
    0x9AC6, 0x9285, 0x8A44, 0x8A44, 0x8A44, 0x8224, 0x8A45, 0x8A65, 0x92C6, 0x92C7, 0xA40C, 0xDFDF, 0xBF7F, 0x9DFA, 0x9DFD, 0x2B9B,
    0xFFFF, 0xFFFF, 0xFFFF, 0xFFFF, 0xFFFF, 0xE6D9, 0xAB48, 0xB3C9, 0xB3EA, 0xBC6C, 0xC4AD, 0xCD0E, 0xD52F, 0xD56F, 0xDD90, 0xE5F2,
    0xE612, 0xE612, 0xE5F1, 0xE5D0, 0xDD90, 0xD52E, 0xD52E, 0xD50D, 0xD4EC, 0xCCAC, 0xCCAC, 0xCC8B, 0xCC6B, 0xC42A, 0xC42A, 0xBBE9,
    0xBBE9, 0xBBE9, 0xB388, 0xB367, 0xB387, 0xB387, 0xB347, 0xA2E6, 0xA2E6, 0x9AA5, 0x8A65, 0x9265, 0x8A65, 0x8A44, 0x9265, 0x9285,
    0x9AE6, 0x9B07, 0x9BAA, 0xD75C, 0xD7FF, 0x8DB9, 0xAE5C, 0x5C7B, 0xD5F4, 0xFFFF, 0xFFFF, 0xFFFF, 0xFFFF, 0xE698, 0xB3C9, 0xBC2A,
    0xC46B, 0xCCCD, 0xD50E, 0xD570, 0xDD90, 0xDDB0, 0xE5D1, 0xEE32, 0xEE12, 0xE612, 0xE5F1, 0xE5D0, 0xE5B0, 0xD52E, 0xD52E, 0xD50D,
    0xD4ED, 0xCCCC, 0xCCAC, 0xCC8B, 0xC46B, 0xC42A, 0xC40A, 0xBC09, 0xBBE9, 0xBBE9, 0xBBA8, 0xBBA8, 0xB367, 0xA306, 0xAB47, 0xAB26,
    0xA2E6, 0x9AC6, 0x9265, 0x9285, 0x9285, 0x8A65, 0x9285, 0x92A5, 0x9AE7, 0x9B08, 0x9B49, 0xCEB9, 0xDFFF, 0x8DDA, 0xC69C, 0xE77E,
    0xC510, 0xFFFF, 0xFFFF, 0xFFFF, 0xFFFF, 0xE635, 0xBBE9, 0xC44B, 0xCCAC, 0xD4ED, 0xD52E, 0xDD70, 0xDD90, 0xE5D1, 0xE5D1, 0xEE33,
    0xEE12, 0xEE33, 0xEE32, 0xDD6F, 0xE5B0, 0xDD8F, 0xD54E, 0xD50E, 0xD50D, 0xD4ED, 0xCCAC, 0xCCAB, 0xCC6B, 0xC42A, 0xBC0A, 0xC40A,
    0xBBE9, 0xBBE9, 0xC3E9, 0x9AE6, 0x5962, 0x5942, 0x6182, 0x9AE6, 0xA306, 0xA2E6, 0x9285, 0x9285, 0x9285, 0x8A65, 0x9285, 0x92A6,
    0x9AC6, 0x9B28, 0x9328, 0xC637, 0xEFFF, 0x9E5B, 0x9DDA, 0xF7DF, 0xDE36, 0xFFFF, 0xFFFF, 0xFFFF, 0xFFFF, 0xDDF4, 0xBBE9, 0xC44B,
    0xCC8C, 0xD4ED, 0xD54F, 0xDD6F, 0xDD90, 0xDDD1, 0xE5F2, 0xEE33, 0xEE32, 0xDDD1, 0x7266, 0x5122, 0x69E4, 0xC4AD, 0xDD6F, 0xD50E,
    0xD50D, 0xD4ED, 0xCCAC, 0xCCAC, 0xCC8B, 0xC44A, 0xBC0A, 0xC40A, 0xBBE9, 0xBBE9, 0xBBC9, 0x5962, 0x8244, 0xB368, 0x71C3, 0x6182,
    0xAB27, 0xA306, 0x92A5, 0x92A5, 0x9AA5, 0x9285, 0x9285, 0x92A6, 0x9AC6, 0x9B28, 0x9328, 0xC5B4, 0xEFFF, 0xD7BF, 0x7518, 0x9DBA,
    0xF77C, 0xFFFF, 0xFFFF, 0xFFFF, 0xFFFF, 0xD5B2, 0xBBE9, 0xC44B, 0xCCAC, 0xD4ED, 0xDD4F, 0xDD6F, 0xDD90, 0xE5D1, 0xE5F2, 0xEE33,
    0xF673, 0x7AA6, 0x5962, 0xBC6C, 0x7A65, 0x5962, 0xD52E, 0xD50D, 0xD50D, 0xD4ED, 0xCCAC, 0xCCAB, 0xCC8B, 0xC44A, 0xBC09, 0xC44A,
    0xC409, 0xBBE9, 0xB388, 0x71E3, 0xB367, 0xBBA8, 0xA327, 0x8245, 0xA306, 0xA306, 0x9AC6, 0x92A5, 0x9AA5, 0x9285, 0x9285, 0x92C6,
    0x9AC6, 0x9B08, 0x9327, 0xBD52, 0xEFFF, 0xE7FF, 0xCF9E, 0x7538, 0xFFFF, 0xFFFF, 0xFFFF, 0xFFFF, 0xFFFF, 0xD592, 0xBC09, 0xC44B,
    0xCCAC, 0xD4ED, 0xDD4F, 0xDD6F, 0xDD8F, 0xE5B0, 0xE5F1, 0xEE33, 0xEE12, 0x69E4, 0xB44B, 0xF651, 0xD52E, 0x8286, 0xCCCC, 0xD50D,
    0xDD4E, 0xD52E, 0xD50D, 0xD50D, 0xD4CC, 0xCC8B, 0xBC0A, 0xA368, 0x92E6, 0xB3C8, 0xBBC9, 0xB388, 0xB367, 0xB367, 0xB367, 0xB367,
    0xA306, 0xA306, 0xA2E6, 0x9AA5, 0x9AC5, 0x9285, 0x9285, 0x92C6, 0x92C6, 0x9B28, 0x9328, 0xBD11, 0xF7FF, 0xEFDF, 0xEFFF, 0xD71B,
    0xFFFF, 0xFFFF, 0xFFFF, 0xFFFF, 0xFFFF, 0xD571, 0xC409, 0xCC6B, 0xCCAC, 0xD4ED, 0xDD4F, 0xDD6F, 0xDD6F, 0xE5B0, 0xE5F1, 0xEE32,
    0xEE12, 0xE5D1, 0xE5D0, 0xDD8F, 0xDD6F, 0xDD6E, 0xD52D, 0xD4ED, 0x82A6, 0x7204, 0x8AC6, 0x9B27, 0x9B27, 0x82A6, 0x69C3, 0x5122,
    0x48E1, 0x9B27, 0xBBC9, 0xB368, 0xAB47, 0xB367, 0xAB47, 0xAB27, 0xA306, 0xA306, 0xA2E6, 0x9AC5, 0x9AC6, 0x9285, 0x9285, 0x9AC6,
    0x92C7, 0x9B28, 0x9328, 0xBCF0, 0xFFFF, 0xF7FF, 0xE75C, 0xACCF, 0xFFFF, 0xFFFF, 0xFFFF, 0xFFFF, 0xFFFF, 0xD592, 0xC409, 0xCC6B,
    0xCCAC, 0xD4ED, 0xD52F, 0xDD4F, 0xDD6F, 0xDD90, 0xE5F1, 0xEE32, 0xE612, 0xEE53, 0xE5F1, 0xE5B0, 0xDD6F, 0xD52E, 0xDD2D, 0xCCCC,
    0x5942, 0x5101, 0x5121, 0x4900, 0x4901, 0x4901, 0x4921, 0x5142, 0x5142, 0xA368, 0xB3A8, 0xAB68, 0xAB47, 0xAB67, 0xAB47, 0xAB27,
    0xA306, 0xA306, 0xA2E6, 0x9AC6, 0x9AC6, 0x92A5, 0x9285, 0x9AC6, 0x92E7, 0x9B28, 0x9B48, 0xAC6E, 0x8DFB, 0x6D58, 0xB4CF, 0xC4CD,
    0xE656, 0xFFFF, 0xFFFF, 0xFFFF, 0xFFFF, 0xD592, 0xC409, 0xC46B, 0xCCAC, 0xCCED, 0xD52E, 0xDD4F, 0xDD6F, 0xDD8F, 0xE5D1, 0xEE12,
    0xE612, 0xEE32, 0xE5F1, 0xDDB0, 0xDD8F, 0xD54E, 0xD52D, 0xDD2D, 0x8AC6, 0x40C0, 0x69A3, 0xA227, 0xBA68, 0xBA89, 0xAA47, 0x6922,
    0x7A45, 0xBBE9, 0xAB88, 0xB388, 0xAB27, 0xAB47, 0xAB47, 0xAB27, 0xA306, 0xA306, 0xA306, 0x9AC6, 0x9AC5, 0x92A5, 0x9285, 0x9AC6,
    0x92E7, 0x9B28, 0xA348, 0x7C0F, 0x44F9, 0x44F9, 0x944E, 0xC4AC, 0xBC09, 0xE676, 0xFFFF, 0xFFFF, 0xFFFF, 0xDDD3, 0xC42A, 0xC46B,
    0xCCAC, 0xD4ED, 0xD50E, 0xDD4F, 0xDD4F, 0xDD6F, 0xE5B0, 0xE5F2, 0xE5F2, 0xEE12, 0xE5F1, 0xE5B0, 0xDD8F, 0xD52E, 0xD52E, 0xD50D,
    0xCCCC, 0x8246, 0xD229, 0xFACC, 0xF2CC, 0xF2CC, 0xF28C, 0xCAEA, 0xBC2A, 0xBBC8, 0xB388, 0xB388, 0xAB27, 0xAB47, 0xAB27, 0xA327,
    0xA306, 0xA2E6, 0xA2E6, 0x9AC6, 0x9AC6, 0x92A5, 0x92A5, 0x9AC7, 0x9AC6, 0x9B28, 0x638F, 0x3416, 0x4D19, 0x4D3A, 0x7430, 0xB3A8,
    0xC42A, 0xCC4A, 0xB5D5, 0x7DFB, 0xB6DD, 0xC5B4, 0xCC29, 0xCC6B, 0xCCAC, 0xCCCD, 0xD4ED, 0xDD4F, 0xDD4F, 0xDD6F, 0xE5B0, 0xE5F1,
    0xE5F1, 0xE612, 0xE5F1, 0xE5B0, 0xDD6F, 0xD52E, 0xD52D, 0xCCCC, 0xD4EC, 0xDCED, 0xD3AB, 0xD2CA, 0xD2AA, 0xD2EB, 0xCB8B, 0xCC6C,
    0xC42A, 0xBBC8, 0xB388, 0xB388, 0xAB47, 0xAB27, 0xAB27, 0xA327, 0xA2E6, 0xA2E6, 0xA2E6, 0x9AC6, 0x92A5, 0x92C6, 0x92A5, 0xA2C5,
    0x832A, 0x4BD3, 0x2BF7, 0x3416, 0x4CD8, 0x44D9, 0x5C13, 0x9AC5, 0xBBEA, 0xCC6A, 0x84B2, 0x3D3B, 0x453A, 0x4CB7, 0x8471, 0xB44C,
    0xD48B, 0xD4CD, 0xCCCD, 0xDD2E, 0xDD4E, 0xDD4F, 0xDD90, 0xE5D1, 0xE5D1, 0xE5F1, 0xE5D1, 0xDDB0, 0xDD6F, 0xD50D, 0xD50D, 0xCCCC,
    0xD4EC, 0xCCCB, 0xCCCB, 0xC48B, 0xCC8C, 0xCCAC, 0xC46B, 0xC42A, 0xC409, 0xBBC9, 0xB388, 0xB368, 0xAB47, 0xAB27, 0xAB27, 0xA327,
    0xA2E6, 0xA2E6, 0xA2E6, 0x9AC6, 0x92A6, 0x9AA5, 0x8AA6, 0x6B8F, 0x3BF6, 0x2BF7, 0x33F6, 0x3416, 0x4457, 0x3C57, 0x43F4, 0x8266,
    0xAB88, 0xBBA8, 0x74D4, 0x4D9B, 0x559A, 0x44F9, 0x3C98, 0x5496, 0x8C71, 0xC48C, 0xD48B, 0xDD2E, 0xDD4F, 0xD54F, 0xDD8F, 0xDDB0,
    0xDDB0, 0xE5D1, 0xE5D0, 0xDDB0, 0xDD4E, 0xD4ED, 0xD50D, 0xCCAC, 0xCCCC, 0xCCAC, 0xCC8B, 0xC44A, 0xC46A, 0xCC4A, 0xC40A, 0xC42A,
    0xC409, 0xB3C9, 0xB388, 0xB388, 0xAB27, 0xAB27, 0xA327, 0xA327, 0x9AE6, 0x9AE6, 0x9AE6, 0x9AA5, 0x9285, 0x834B, 0x4BF4, 0x2BF7,
    0x33F7, 0x3416, 0x3417, 0x3416, 0x33D6, 0x33D6, 0x3394, 0xA576, 0xA2C6, 0xAB27, 0x6475, 0x4D3A, 0x553A, 0x4CF9, 0x4498, 0x44D9,
    0x3CF9, 0x5CD6, 0x8C90, 0xC4CE, 0xDD2E, 0xDD4F, 0xDD6F, 0xDD90, 0xDD90, 0xDDB0, 0xDDB0, 0xDD8F, 0xD52E, 0xCCCD, 0xD50D, 0xCCAC,
    0xCCCC, 0xCCAB, 0xCC8B, 0xC44A, 0xC44A, 0xC44A, 0xBC0A, 0xC40A, 0xC409, 0xB3A8, 0xB388, 0xB368, 0xAB47, 0xA327, 0xA327, 0xA307,
    0x9AE6, 0x9AC6, 0x9AA5, 0x8B08, 0x5BD1, 0x3C17, 0x2BD7, 0x33D6, 0x33F6, 0x2BF6, 0x3417, 0x3417, 0x2B95, 0x33B5, 0x1B34, 0x9E1B,
    0xA369, 0x9265, 0x4C55, 0x3C98, 0x44B8, 0x4498, 0x3C58, 0x44B8, 0x4CF9, 0x453A, 0x4D3A, 0x6517, 0x94F2, 0xC4CE, 0xDD2E, 0xE56F,
    0xDD8F, 0xDD6F, 0xDD8F, 0xDD6F, 0xD52E, 0xCCCC, 0xD4ED, 0xCCAC, 0xCCAC, 0xCC8B, 0xCC8B, 0xCC6B, 0xC42A, 0xC42A, 0xBBE9, 0xC409,
    0xBBE9, 0xB3A8, 0xB388, 0xAB67, 0xAB47, 0xA327, 0xA327, 0xA306, 0x9AA5, 0x92E7, 0x73CF, 0x4436, 0x33F7, 0x33B6, 0x33D6, 0x33B6,
    0x2BB6, 0x33D6, 0x3417, 0x33F7, 0x1B55, 0x2B75, 0x5C97, 0xD71D, 0xF79D, 0xB4F2, 0x3BD5, 0x33F7, 0x3C16, 0x3C37, 0x3C37, 0x3C78,
    0x44B8, 0x4D19, 0x555A, 0x4D5B, 0x4D7A, 0x6558, 0x8CF3, 0xBCF0, 0xD50D, 0xDD2D, 0xDD6F, 0xDD4F, 0xD52D, 0xCCAC, 0xD4EC, 0xCCAC,
    0xCCAC, 0xCC8B, 0xCC6B, 0xCC6B, 0xC42A, 0xC42A, 0xBBE9, 0xBC09, 0xBBE9, 0xB3A8, 0xB388, 0xAB67, 0xAB48, 0xA327, 0xA2E6, 0x9B07,
    0x73AE, 0x4C55, 0x3437, 0x33D6, 0x33B6, 0x33B6, 0x2B95, 0x2B95, 0x33B6, 0x33F6, 0x3417, 0x3C17, 0x74F8, 0xC6DC, 0xFFFF, 0xFFFF,
    0xFFFF, 0xEFDF, 0x2BB5, 0x2B96, 0x33B6, 0x33D6, 0x3C37, 0x3C58, 0x3C78, 0x44D8, 0x4D19, 0x555A, 0x557A, 0x557B, 0x4D7B, 0x5D59,
    0x7D35, 0xA4F0, 0xCCED, 0xDD0D, 0xDD0D, 0xCCAC, 0xCCCC, 0xCCCC, 0xCCAC, 0xCC6B, 0xC44A, 0xCC4A, 0xC40A, 0xC40A, 0xBBC9, 0xBBE9,
    0xBBC9, 0xB388, 0xB388, 0xAB47, 0xAB26, 0xA348, 0x7BCE, 0x5475, 0x3C58, 0x33F7, 0x3BF6, 0x33D6, 0x2B95, 0x2B75, 0x2B95, 0x2B95,
    0x33B6, 0x33F6, 0x2BD6, 0x8599, 0xFFFF, 0xFFFF, 0xFFFF, 0xFFFF, 0xFFFF, 0xEF9E, 0x5477, 0x2375, 0x2355, 0x2375, 0x3C17, 0x3C58,
    0x3C98, 0x44B9, 0x44F9, 0x44F9, 0x4D39, 0x555A, 0x557A, 0x557A, 0x4D7B, 0x557A, 0x6D57, 0x9513, 0xB4AE, 0xC44B, 0xCC8B, 0xCCAB,
    0xCCAC, 0xCC6B, 0xC44A, 0xC44A, 0xC40A, 0xBC09, 0xBBC9, 0xBBE9, 0xBBC9, 0xB367, 0xB347, 0xA368, 0x842F, 0x5CB6, 0x3C99, 0x3C37,
    0x3C16, 0x3BF7, 0x33B6, 0x2B75, 0x2B75, 0x2B95, 0x2B95, 0x2B95, 0x33D6, 0x3417, 0x23D6, 0xA63B, 0xFFFF, 0xFFDF, 0xFFFF, 0xFFFF,
    0xFFFF, 0xFFFF, 0xFFDF, 0xC6DC, 0x8D99, 0x5477, 0x3C17, 0x3C58, 0x3C98, 0x44D9, 0x44F9, 0x4D19, 0x4519, 0x4519, 0x4519, 0x4D3A,
    0x557A, 0x557A, 0x4D7B, 0x4D9B, 0x5D9A, 0x7D56, 0x9CD1, 0xB46D, 0xC42A, 0xCC29, 0xC409, 0xC44A, 0xBC09, 0xBBE9, 0xBBC9, 0xBBC8,
    0xB387, 0xA3AA, 0x8450, 0x64F7, 0x44D9, 0x3C78, 0x4457, 0x3C37, 0x33F6, 0x2B95, 0x2B95, 0x2B96, 0x2B95, 0x2B75, 0x2B95, 0x2BB6,
    0x33D6, 0x3416, 0x2BD6, 0xBEBC, 0xFFFF, 0xFFFF, 0xFFFF, 0xFFFF, 0xFFFF, 0xFFFF, 0xFFFF, 0xFFFF, 0xFFFF, 0xFFFF, 0x961A, 0x2C17,
    0x4499, 0x44B9, 0x44F9, 0x44F9, 0x4519, 0x4D39, 0x4519, 0x4519, 0x44F9, 0x4519, 0x4D5A, 0x557A, 0x557B, 0x557B, 0x559B, 0x6579,
    0x7D15, 0x9470, 0xABEB, 0xBBC9, 0xC3C8, 0xBBA8, 0xB387, 0xA3EB, 0x7CB2, 0x5D18, 0x4CFA, 0x4498, 0x4478, 0x4478, 0x3C17, 0x33D6,
    0x33B6, 0x33D6, 0x33D6, 0x2B96, 0x2B95, 0x2B95, 0x2B95, 0x2BB6, 0x33D6, 0x3416, 0x3416, 0xDF5D, 0xFFFF, 0xFFFF, 0xFFFF, 0xFFFF,
    0xFFFF, 0xFFFF, 0xFFFF, 0xFFFF, 0xFFDF, 0xFFFF, 0xCF1D, 0x3437, 0x4498, 0x44B9, 0x44D9, 0x44F9, 0x4519, 0x4519, 0x4D19, 0x4D39,
    0x4D39, 0x4519, 0x44F9, 0x4519, 0x4D39, 0x555A, 0x557A, 0x555A, 0x4D5B, 0x4D3A, 0x54F8, 0x6494, 0x842F, 0x942E, 0x74B4, 0x5519,
    0x4CFA, 0x4CB9, 0x4C98, 0x4498, 0x3C37, 0x33F6, 0x33D6, 0x33F7, 0x33F7, 0x33D6, 0x33B6, 0x2B96, 0x2B95, 0x2B75, 0x2B95, 0x2BB6,
    0x33F6, 0x2BF6, 0x4477, 0xF7DF, 0xFFFF, 0xFFFF, 0xFFFF, 0xFFFF, 0xFFFF, 0xFFFF, 0xFFFF, 0xFFFF, 0xFFFF, 0xFFFF, 0xEFBF, 0x4C78,
    0x3C58, 0x44B9, 0x44D9, 0x44F9, 0x4519, 0x4519, 0x4519, 0x4519, 0x4D39, 0x4D39, 0x4D39, 0x4D19, 0x44F9, 0x44D9, 0x44F9, 0x4D19,
    0x4D19, 0x4D19, 0x4519, 0x455B, 0x4D7B, 0x4D3A, 0x451A, 0x4CD9, 0x4CD9, 0x4CB8, 0x3C57, 0x33F7, 0x33F7, 0x3C17, 0x3C17, 0x3417,
    0x33F7, 0x33D6, 0x33B6, 0x2B95, 0x2B75, 0x2B75, 0x2B95, 0x33B6, 0x33F6, 0x2BD6, 0x6518, 0xFFFF, 0xFFFF, 0xFFFF, 0xFFFF, 0xFFFF,
    0xFFFF, 0xFFFF, 0xFFFF, 0xFFFF, 0xFFFF, 0xFFFF, 0xFFFF, 0x7539, 0x3438, 0x4499, 0x44B9, 0x44D9, 0x44F9, 0x4519, 0x4519, 0x4D19,
    0x4D19, 0x4D19, 0x4D19, 0x4D39, 0x4D3A, 0x4D19, 0x44F9, 0x3CD9, 0x3CB8, 0x3CB8, 0x4CF9, 0x4D19, 0x4D19, 0x4CF9, 0x4CF9, 0x44B8,
    0x3C57, 0x3417, 0x3417, 0x3C37, 0x3C37, 0x3C17, 0x3C17, 0x3417, 0x33F7, 0x33D6, 0x33B6, 0x2B95, 0x2B75, 0x2B95, 0x2B95, 0x33D6,
    0x3416, 0x23D6, 0x95FA, 0xFFFF, 0xFFFF, 0xFFFF, 0xFFFF, 0xFFFF, 0xFFFF, 0xFFFF, 0xFFFF, 0xFFFF, 0xFFFF, 0xFFFF, 0xFFFF, 0xAE5B,
    0x2BF7, 0x4478, 0x3C99, 0x44D9, 0x44F9, 0x44FA, 0x4519, 0x451A, 0x4D1A, 0x451A, 0x4519, 0x4519, 0x4519, 0x4519, 0x4D19, 0x4D19,
    0x44F9, 0x3CB8, 0x3C57, 0x3457, 0x3C78, 0x4498, 0x3C57, 0x3417, 0x3C37, 0x3C38, 0x3C38, 0x3C38, 0x3C17, 0x3417, 0x3417, 0x3417,
    0x33D6, 0x33B6, 0x33B6, 0x2B95, 0x2B75, 0x2B95, 0x2BB6, 0x33D6, 0x3417, 0x2BD6, 0xC6DC, 0xFFFF, 0xFFFF, 0xFFFF, 0xFFFF, 0xFFFF,
    0xFFFF, 0xFFFF, 0xFFFF, 0xFFFF, 0xFFFF, 0xFFFF, 0xFFFF, 0xE77E, 0x3C36, 0x3C58, 0x3C78, 0x3CB9, 0x44D9, 0x44F9, 0x44FA, 0x451A,
    0x4519, 0x451A, 0x451A, 0x451A, 0x451A, 0x4519, 0x44F9, 0x44F9, 0x44D9, 0x44D9, 0x4499, 0x3C78, 0x3C57, 0x3C37, 0x3C58, 0x3C58,
    0x3C58, 0x3C38, 0x3C38, 0x3C38, 0x3C18, 0x3C17, 0x3417, 0x33F7, 0x33D6, 0x33B6, 0x2BB6, 0x2B95, 0x2B95, 0x2B95, 0x2BB5, 0x33D6,
    0x2BF6, 0x4457, 0xF7BF, 0xFFFF, 0xFFFF, 0xFFFF, 0xFFFF, 0xFFFF, 0xFFFF, 0xFFFF, 0xFFFF, 0xFFFF, 0xFFFF, 0xFFFF, 0xFFFF, 0xFFFF,
    0x6D18, 0x2BF7, 0x3C78, 0x3C98, 0x44B9, 0x44D9, 0x44F9, 0x44FA, 0x44FA, 0x44FA, 0x44FA, 0x44FA, 0x44FA, 0x44F9, 0x44F9, 0x44D9,
    0x44D9, 0x44B9, 0x3C98, 0x3C78, 0x3C78, 0x3C78, 0x3C58, 0x3C58, 0x3C58, 0x3C38, 0x3C38, 0x3C38, 0x3C17, 0x3C17, 0x3417, 0x33F7,
    0x33D6, 0x33B6, 0x2B96, 0x2B95, 0x2B95, 0x2B95, 0x33B6, 0x33F6, 0x23D6, 0x7539, 0xFFFF, 0xFFFF, 0xFFFF, 0xFFFF, 0xFFFF, 0xFFFF,
    0xFFFF, 0xFFFF, 0xFFFF, 0xFFFF, 0xFFFF, 0xFFFF, 0xFFFF, 0xFFFF, 0xB67C, 0x2BD6, 0x3C58, 0x3C78, 0x4499, 0x44B9, 0x44D9, 0x44D9,
    0x44F9, 0x44F9, 0x44F9, 0x44F9, 0x44F9, 0x44D9, 0x44D9, 0x44D9, 0x44B9, 0x4498, 0x3C98, 0x3C78, 0x3C78, 0x3C58, 0x3C58, 0x3C58,
    0x3C58, 0x3C38, 0x3C38, 0x3C38, 0x3C17, 0x3417, 0x33F7, 0x33D7, 0x33D6, 0x33B6, 0x2B96, 0x2B95, 0x2B95, 0x2B95, 0x33B6, 0x33F6,
    0x23B5, 0xBEBC, 0xFFFF, 0xFFFF, 0xFFFF, 0xFFFF, 0xFFFF, 0xFFFF, 0xFFFF, 0xFFFF, 0xFFFF, 0xFFFF, 0xFFFF, 0xFFFF, 0xFFFF, 0xFFFF,
    0xF7DF, 0x4457, 0x3417, 0x3C78, 0x3C78, 0x4498, 0x4499, 0x44B9, 0x44B9, 0x44B9, 0x44B9, 0x44D9, 0x44D9, 0x44B9, 0x44B9, 0x44B9,
    0x4499, 0x4498, 0x3C78, 0x3C78, 0x3C58, 0x3C58, 0x3C58, 0x3C58, 0x3C58, 0x3C38, 0x3C38, 0x3C17, 0x3417, 0x33F7, 0x33F7, 0x33D6,
    0x33B6, 0x33B6, 0x2B95, 0x2B95, 0x2B95, 0x2B96, 0x2BB6, 0x1B54, 0x6CF8, 0xFFFF, 0xFFFF, 0xFFFF, 0xFFFF, 0xFFFF, 0xFFFF, 0xFFFF,
    0xFFFF, 0xFFFF, 0xFFFF, 0xFFFF, 0xFFFF, 0xFFFF, 0xFFFF, 0xFFFF, 0xFFFF, 0x9DFA, 0x23B6, 0x3C78, 0x3C78, 0x3C78, 0x4478, 0x4498,
    0x4498, 0x4498, 0x4498, 0x4498, 0x4498, 0x4498, 0x4498, 0x4498, 0x4498, 0x3C78, 0x3C78, 0x3C58, 0x3C58, 0x3C58, 0x3C58, 0x3C38,
    0x3C38, 0x3C37, 0x3C17, 0x3C17, 0x3C17, 0x33F7, 0x33D6, 0x33D6, 0x2BB6, 0x2B96, 0x2B96, 0x2375, 0x2B75, 0x2B53, 0x43B3, 0x95DA,
    0xF7BF, 0xFFFF, 0xFFFF, 0xFFFF, 0xFFFF, 0xFFFF, 0xFFFF, 0xFFFF, 0xFFFF, 0xFFFF, 0xFFFF, 0xFFFF, 0xFFFF, 0xFFFF, 0xFFFF, 0xFFFF,
    0xFFFF, 0xF7BF, 0x5477, 0x2395, 0x2BF7, 0x3458, 0x3458, 0x3C58, 0x3C78, 0x3C78, 0x3C78, 0x3C78, 0x3C78, 0x3C78, 0x3C78, 0x4498,
    0x3C78, 0x3C78, 0x3C78, 0x3C58, 0x3C58, 0x3C58, 0x3C58, 0x3C38, 0x3438, 0x3418, 0x3417, 0x2BF7, 0x2BD7, 0x2BB6, 0x2B95, 0x2B54,
    0x3332, 0x3AF0, 0x42CE, 0x52CC, 0x6ACA, 0x7AC9, 0xDEB9, 0xFFFF, 0xFFFF, 0xFFFF, 0xFFFF, 0xFFFF, 0xFFFF, 0xFFFF, 0xFFFF, 0xFFFF,
    0xFFFF, 0xFFFF, 0xFFFF, 0xFFFF, 0xFFFF, 0xFFFF, 0xFFFF, 0xFFFF, 0xFFFF, 0xFFFF, 0xEFBE, 0xAE3A, 0x6C34, 0x42EF, 0x4393, 0x3B73,
    0x3B94, 0x33B5, 0x33D6, 0x33F6, 0x33F6, 0x3417, 0x3417, 0x3417, 0x3417, 0x3417, 0x3417, 0x33F6, 0x33D6, 0x33B5, 0x3395, 0x3373,
    0x3B52, 0x3B11, 0x3AEF, 0x42AE, 0x428C, 0x526A, 0x5A28, 0x6227, 0x7226, 0x7A25, 0x7A45, 0x8A85, 0x8A65, 0xD5F6, 0xFFFF, 0xFFDF,
    0xFFFF, 0xFFFF, 0xFFFF, 0xFFFF, 0xFFFF, 0xFFFF, 0xFFFF, 0xFFFF, 0xFFFF, 0xFFFF, 0xFFFF, 0xFFFF, 0xFFFF, 0xFFFF, 0xFFFF, 0xFFFF,
    0xFFFF, 0xFFFF, 0xFFFF, 0xFFFF, 0xFF9D, 0xA36A, 0x81E3, 0x8266, 0x7A66, 0x7A67, 0x7267, 0x6A68, 0x6A68, 0x6AA9, 0x6AA9, 0x6AA9,
    0x6AA9, 0x6A89, 0x6A89, 0x6A68, 0x6A47, 0x6A26, 0x6A06, 0x71E5, 0x69C4, 0x71A3, 0x79C3, 0x79A2, 0x71A2, 0x79C3, 0x79C3, 0x8204,
    0x8224, 0x8265, 0x8A86, 0x8A86, 0xCDD5, 0xFFFF, 0xFFFF, 0xFFFF, 0xFFFF, 0xFFFF, 0xFFFF, 0xFFFF, 0xFFFF, 0xFFFF, 0xFFFF, 0xFFFF,
    0xFFFF, 0xFFFF, 0xFFFF, 0xFFFF, 0xFFFF, 0xFFFF, 0xFFFF, 0xFFFF, 0xFFFF, 0xFFFF, 0xFFFF, 0xFFFF, 0xFFFF, 0xFFBE, 0xAC0D, 0x8A23,
    0x9285, 0x92A5, 0x9265, 0x9264, 0x9264, 0x9264, 0x9264, 0x9264, 0x9264, 0x9264, 0x8A23, 0x8A44, 0x8A44, 0x8A24, 0x8A24, 0x8A24,
    0x79E3, 0x79E3, 0x8204, 0x79E4, 0x7A04, 0x7A04, 0x7A04, 0x8225, 0x8266, 0x8A45, 0x92A7, 0xD616, 0xFFFF, 0xFFFF, 0xFFFF, 0xFFFF,
    0xFFFF, 0xFFFF, 0xFFFF, 0xFFFF, 0xFFFF, 0xFFFF, 0xFFFF, 0xFFFF, 0xFFFF, 0xFFFF, 0xFFFF, 0xFFFF, 0xFFFF, 0xFFFF, 0xFFFF, 0xFFFF,
    0xFFFF, 0xFFFF, 0xFFFF, 0xFFFF, 0xFFFF, 0xFFFF, 0xFFFF, 0xC532, 0x8A85, 0x8A44, 0x9AE6, 0x9AC6, 0x9AA6, 0x92A6, 0x92A6, 0x92A6,
    0x92A6, 0x92A6, 0x8A65, 0x8A65, 0x9285, 0x8A65, 0x8A65, 0x8A45, 0x8224, 0x8224, 0x8204, 0x8204, 0x8204, 0x7A04, 0x8245, 0x8A45,
    0x8A24, 0xA36A, 0xE6DA, 0xFFFF, 0xFFFF, 0xFFFF, 0xFFFF, 0xFFFF, 0xFFFF, 0xFFFF, 0xFFFF, 0xFFFF, 0xFFFF, 0xFFFF, 0xFFFF, 0xFFFF,
    0xFFFF, 0xFFFF, 0xFFFF, 0xFFFF, 0xFFFF, 0xFFFF, 0xFFFF, 0xFFFF, 0xFFFF, 0xFFFF, 0xFFFF, 0xFFFF, 0xFFFF, 0xFFFF, 0xFFFF, 0xFFFF,
    0xE6B9, 0xABCB, 0x8A64, 0x9AA5, 0x9AC6, 0x92A6, 0x92A6, 0x9285, 0x8A65, 0x8A65, 0x8A65, 0x8244, 0x8A65, 0x8A44, 0x8A44, 0x8A24,
    0x8224, 0x8224, 0x8204, 0x7A04, 0x7A04, 0x8224, 0x81E3, 0x8A65, 0xBCF1, 0xFFBE, 0xFFFF, 0xFFFF, 0xFFFF, 0xFFFF, 0xFFFF, 0xFFFF,
    0xFFFF, 0xFFFF, 0xFFFF, 0xFFFF, 0xFFFF, 0xFFFF, 0xFFFF, 0xFFFF, 0xFFFF, 0xFFFF, 0xFFFF, 0xFFFF, 0xFFFF, 0xFFFF, 0xFFFF, 0xFFFF,
    0xFFFF, 0xFFFF, 0xFFFF, 0xFFFF, 0xFFFF, 0xFFFF, 0xFFFF, 0xFFFF, 0xFFFF, 0xFFFF, 0xD616, 0xA38A, 0x9264, 0x8A44, 0x8A65, 0x8A65,
    0x8A45, 0x8224, 0x8A45, 0x8224, 0x8224, 0x8224, 0x8224, 0x8224, 0x8224, 0x8204, 0x8204, 0x79E4, 0x79C3, 0x8204, 0xAC0D, 0xE6DA,
    0xFFFF, 0xFFFF, 0xFFFF, 0xFFFF, 0xFFFF, 0xFFFF, 0xFFFF, 0xFFFF, 0xFFFF, 0xFFFF, 0xFFFF, 0xFFFF, 0xFFFF, 0xFFFF, 0xFFFF, 0xFFFF,
    0xFFFF, 0xFFFF, 0xFFFF, 0xFFFF, 0xFFFF, 0xFFFF, 0xFFFF, 0xFFFF, 0xFFFF, 0xFFFF, 0xFFFF, 0xFFFF, 0xFFFF, 0xFFFF, 0xFFFF, 0xFFFF,
    0xFFFF, 0xFFFF, 0xFFFF, 0xFFFF, 0xDE57, 0xB44D, 0x92A6, 0x81E3, 0x8203, 0x8224, 0x8225, 0x8224, 0x8224, 0x8224, 0x8204, 0x8204,
    0x8224, 0x8224, 0x79C3, 0x8A45, 0xAC2E, 0xE699, 0xFFFF, 0xFFFF, 0xFFDF, 0xFFFF, 0xFFFF, 0xFFFF, 0xFFFF, 0xFFFF, 0xFFFF, 0xFFFF,
    0xFFFF, 0xFFFF, 0xFFFF, 0xFFFF, 0xFFFF, 0xFFFF, 0xFFFF, 0xFFFF, 0xFFFF, 0xFFFF, 0xFFFF, 0xFFFF, 0xFFFF, 0xFFFF, 0xFFFF, 0xFFFF,
    0xFFFF, 0xFFFF, 0xFFFF, 0xFFFF, 0xFFFF, 0xFFFF, 0xFFFF, 0xFFDF, 0xFFDF, 0xFFDF, 0xF7BF, 0xFFDF, 0xFFFF, 0xFFFF, 0xE6FB, 0xC553,
    0x9B8B, 0x8A65, 0x81E3, 0x8224, 0x8224, 0x8224, 0x8224, 0x8224, 0x8203, 0x8204, 0xAC2E, 0xE6FB, 0xFFFF, 0xF7DF, 0xF79E, 0xF79E,
    0xF7BF, 0xF7DF, 0xFFDF, 0xFFDF, 0xFFDF, 0xFFFF, 0xFFFF, 0xFFFF, 0xFFFF, 0xFFFF, 0xFFFF, 0xFFFF, 0xFFFF, 0xFFFF, 0xFFFF, 0xFFFF,
    0xFFFF, 0xFFFF, 0xFFFF, 0xFFFF, 0xFFFF, 0xFFFF, 0xFFFF, 0xFFFF, 0xFFFF, 0xFFFF, 0xFFDF, 0xFFDF, 0xF7BF, 0xF7BF, 0xF7BE, 0xF79E,
    0xEF9E, 0xEF7E, 0xE75D, 0xE75D, 0xE73D, 0xDF1C, 0xDF3D, 0xDF5E, 0xDF1D, 0xCE38, 0xA3ED, 0x8A44, 0x8A24, 0x8A24, 0x8A24, 0x8203,
    0x9308, 0xC5D6, 0xE77E, 0xE73D, 0xDF1C, 0xDF1C, 0xE73D, 0xE75D, 0xE75D, 0xEF7E, 0xEF7E, 0xF79E, 0xF79E, 0xF7BE, 0xF7BF, 0xFFDF,
    0xFFDF, 0xFFFF, 0xFFFF, 0xFFFF, 0xFFFF, 0xFFFF, 0xFFFF, 0xFFFF, 0xFFFF, 0xFFFF, 0xFFFF, 0xFFFF, 0xFFFF, 0xFFFF, 0xFFFF, 0xFFFF,
    0xFFDF, 0xFFDF, 0xF7DF, 0xF7BF, 0xF79E, 0xEF9E, 0xEF7E, 0xEF5D, 0xE75D, 0xE73D, 0xDF1C, 0xD6FC, 0xD6DC, 0xCEBB, 0xC67B, 0xBE5A,
    0xB619, 0xB63A, 0xB63A, 0xA4F3, 0x8B2A, 0x8A66, 0x8266, 0x93AD, 0xB5F8, 0xBE7B, 0xBE5A, 0xC67A, 0xCE9B, 0xCEBB, 0xD6DC, 0xD6FC,
    0xDF1D, 0xE73D, 0xE73D, 0xE75D, 0xEF7E, 0xEF9E, 0xF79E, 0xF7BF, 0xF7BF, 0xFFDF, 0xFFDF, 0xFFFF, 0xFFFF, 0xFFFF, 0xFFFF, 0xFFFF,
    0xFFFF, 0xFFFF, 0xFFFF, 0xFFFF, 0xFFFF, 0xFFFF, 0xFFFF, 0xFFFF, 0xFFDF, 0xFFDF, 0xF7DF, 0xF7BF, 0xF7BE, 0xEF9E, 0xEF7E, 0xEF7E,
    0xE75D, 0xE73D, 0xDF1D, 0xDEFC, 0xD6DC, 0xCEBC, 0xCE9B, 0xC67A, 0xBE5A, 0xBE39, 0xB619, 0xB619, 0xADF9, 0xAD96, 0xAD97, 0xB61A,
    0xB619, 0xBE39, 0xC67A, 0xCE9B, 0xCEBB, 0xD6DC, 0xD6FC, 0xDF1C, 0xDF3D, 0xE73D, 0xE75D, 0xEF7E, 0xEF7E, 0xF79E, 0xF7BE, 0xF7BF,
    0xF7DF, 0xFFDF, 0xFFDF, 0xFFFF, 0xFFFF, 0xFFFF, 0xFFFF, 0xFFFF, 0xFFFF, 0xFFFF, 0xFFFF, 0xFFFF, 0xFFFF, 0xFFFF, 0xFFFF, 0xFFFF,
    0xFFFF, 0xFFFF, 0xFFDF, 0xFFDF, 0xFFDF, 0xF7DF, 0xF7BF, 0xF79E, 0xF79E, 0xEF7E, 0xEF7E, 0xE75D, 0xE75D, 0xE73D, 0xE73D, 0xDF1D,
    0xDF1C, 0xDF1C, 0xDEFC, 0xD6FC, 0xD6DC, 0xD6FC, 0xD6FC, 0xD6FC, 0xDEFC, 0xDF1C, 0xDF1D, 0xDF3D, 0xE73D, 0xE75D, 0xE75D, 0xEF7E,
    0xEF7E, 0xEF9E, 0xF79E, 0xF7BE, 0xF7BF, 0xF7DF, 0xFFDF, 0xFFDF, 0xFFFF, 0xFFFF, 0xFFFF, 0xFFFF, 0xFFFF, 0xFFFF, 0xFFFF, 0xFFFF,
};
